date,rate,source
2015-01-06,1.1936,Historical
2015-01-07,1.182,Historical
2015-01-08,1.1811,Historical
2015-01-09,1.183,Historical
2015-01-12,1.1832,Historical
2015-01-13,1.1779,Historical
2015-01-14,1.1806,Historical
2015-01-15,1.1598,Historical
2015-01-16,1.1517,Historical
2015-01-20,1.1559,Historical
2015-01-21,1.1584,Historical
2015-01-22,1.1414,Historical
2015-01-23,1.1279,Historical
2015-01-26,1.129,Historical
2015-01-27,1.137,Historical
2015-01-28,1.1342,Historical
2015-01-29,1.1308,Historical
2015-01-30,1.129,Historical
2015-02-02,1.1337,Historical
2015-02-03,1.1462,Historical
2015-02-04,1.1418,Historical
2015-02-05,1.1432,Historical
2015-02-06,1.133,Historical
2015-02-09,1.1316,Historical
2015-02-10,1.1316,Historical
2015-02-11,1.13,Historical
2015-02-12,1.141,Historical
2015-02-13,1.1408,Historical
2015-02-17,1.1395,Historical
2015-02-18,1.1342,Historical
2015-02-19,1.1392,Historical
2015-02-20,1.1372,Historical
2015-02-23,1.1346,Historical
2015-02-24,1.1307,Historical
2015-02-25,1.1363,Historical
2015-02-26,1.1212,Historical
2015-02-27,1.1197,Historical
2015-03-02,1.119,Historical
2015-03-03,1.1212,Historical
2015-03-04,1.107,Historical
2015-03-05,1.1006,Historical
2015-03-06,1.0855,Historical
2015-03-09,1.0846,Historical
2015-03-10,1.0707,Historical
2015-03-11,1.0576,Historical
2015-03-12,1.0615,Historical
2015-03-13,1.0524,Historical
2015-03-16,1.0575,Historical
2015-03-17,1.0605,Historical
2015-03-18,1.0643,Historical
2015-03-19,1.0621,Historical
2015-03-20,1.0792,Historical
2015-03-23,1.0928,Historical
2015-03-24,1.0908,Historical
2015-03-25,1.0986,Historical
2015-03-26,1.0919,Historical
2015-03-27,1.0891,Historical
2015-03-30,1.0818,Historical
2015-03-31,1.0741,Historical
2015-04-01,1.0768,Historical
2015-04-02,1.0874,Historical
2015-04-03,1.099,Historical
2015-04-06,1.1008,Historical
2015-04-07,1.085,Historical
2015-04-08,1.0818,Historical
2015-04-09,1.0671,Historical
2015-04-10,1.0598,Historical
2015-04-13,1.0582,Historical
2015-04-14,1.0672,Historical
2015-04-15,1.0596,Historical
2015-04-16,1.0742,Historical
2015-04-17,1.078,Historical
2015-04-20,1.0763,Historical
2015-04-21,1.0758,Historical
2015-04-22,1.0729,Historical
2015-04-23,1.0803,Historical
2015-04-24,1.0876,Historical
2015-04-27,1.0892,Historical
2015-04-28,1.0979,Historical
2015-04-29,1.1174,Historical
2015-04-30,1.1162,Historical
2015-05-01,1.1194,Historical
2015-05-04,1.1145,Historical
2015-05-05,1.1174,Historical
2015-05-06,1.1345,Historical
2015-05-07,1.1283,Historical
2015-05-08,1.1241,Historical
2015-05-11,1.1142,Historical
2015-05-12,1.124,Historical
2015-05-13,1.1372,Historical
2015-05-14,1.1368,Historical
2015-05-15,1.1428,Historical
2015-05-18,1.1354,Historical
2015-05-19,1.1151,Historical
2015-05-20,1.1079,Historical
2015-05-21,1.1126,Historical
2015-05-22,1.1033,Historical
2015-05-26,1.0876,Historical
2015-05-27,1.0888,Historical
2015-05-28,1.0914,Historical
2015-05-29,1.0994,Historical
2015-06-01,1.0913,Historical
2015-06-02,1.113,Historical
2015-06-03,1.1285,Historical
2015-06-04,1.1271,Historical
2015-06-05,1.1108,Historical
2015-06-08,1.1232,Historical
2015-06-09,1.1284,Historical
2015-06-10,1.1307,Historical
2015-06-11,1.1236,Historical
2015-06-12,1.1278,Historical
2015-06-15,1.1266,Historical
2015-06-16,1.1238,Historical
2015-06-17,1.1244,Historical
2015-06-18,1.1404,Historical
2015-06-19,1.1335,Historical
2015-06-22,1.1378,Historical
2015-06-23,1.119,Historical
2015-06-24,1.1178,Historical
2015-06-25,1.1196,Historical
2015-06-26,1.1156,Historical
2015-06-29,1.118,Historical
2015-06-30,1.1154,Historical
2015-07-01,1.1084,Historical
2015-07-02,1.109,Historical
2015-07-06,1.1076,Historical
2015-07-07,1.0952,Historical
2015-07-08,1.1072,Historical
2015-07-09,1.1025,Historical
2015-07-10,1.115,Historical
2015-07-13,1.102,Historical
2015-07-14,1.1015,Historical
2015-07-15,1.0965,Historical
2015-07-16,1.0898,Historical
2015-07-17,1.0848,Historical
2015-07-20,1.085,Historical
2015-07-21,1.0927,Historical
2015-07-22,1.0884,Historical
2015-07-23,1.0976,Historical
2015-07-24,1.0976,Historical
2015-07-27,1.1112,Historical
2015-07-28,1.1055,Historical
2015-07-29,1.1026,Historical
2015-07-30,1.0914,Historical
2015-07-31,1.1028,Historical
2015-08-03,1.0962,Historical
2015-08-04,1.0953,Historical
2015-08-05,1.0868,Historical
2015-08-06,1.0922,Historical
2015-08-07,1.0958,Historical
2015-08-10,1.0994,Historical
2015-08-11,1.1042,Historical
2015-08-12,1.1198,Historical
2015-08-13,1.1144,Historical
2015-08-14,1.111,Historical
2015-08-17,1.1078,Historical
2015-08-18,1.1028,Historical
2015-08-19,1.1061,Historical
2015-08-20,1.12,Historical
2015-08-21,1.1356,Historical
2015-08-24,1.158,Historical
2015-08-25,1.141,Historical
2015-08-26,1.139,Historical
2015-08-27,1.1239,Historical
2015-08-28,1.1172,Historical
2015-08-31,1.1194,Historical
2015-09-01,1.1263,Historical
2015-09-02,1.1242,Historical
2015-09-03,1.1104,Historical
2015-09-04,1.1117,Historical
2015-09-08,1.1182,Historical
2015-09-09,1.1165,Historical
2015-09-10,1.1262,Historical
2015-09-11,1.1338,Historical
2015-09-14,1.1307,Historical
2015-09-15,1.126,Historical
2015-09-16,1.1304,Historical
2015-09-17,1.1312,Historical
2015-09-18,1.1358,Historical
2015-09-21,1.1204,Historical
2015-09-22,1.1133,Historical
2015-09-23,1.116,Historical
2015-09-24,1.1252,Historical
2015-09-25,1.1192,Historical
2015-09-28,1.1236,Historical
2015-09-29,1.1246,Historical
2015-09-30,1.1162,Historical
2015-10-01,1.12,Historical
2015-10-02,1.1276,Historical
2015-10-05,1.12,Historical
2015-10-06,1.1266,Historical
2015-10-07,1.1249,Historical
2015-10-08,1.1282,Historical
2015-10-09,1.1363,Historical
2015-10-13,1.1382,Historical
2015-10-14,1.1437,Historical
2015-10-15,1.1418,Historical
2015-10-16,1.136,Historical
2015-10-19,1.132,Historical
2015-10-20,1.1359,Historical
2015-10-21,1.1345,Historical
2015-10-22,1.114,Historical
2015-10-23,1.1016,Historical
2015-10-26,1.1051,Historical
2015-10-27,1.1052,Historical
2015-10-28,1.1066,Historical
2015-10-29,1.0963,Historical
2015-10-30,1.1042,Historical
2015-11-02,1.1026,Historical
2015-11-03,1.0946,Historical
2015-11-04,1.0861,Historical
2015-11-05,1.0869,Historical
2015-11-06,1.0746,Historical
2015-11-09,1.0767,Historical
2015-11-10,1.0686,Historical
2015-11-12,1.0768,Historical
2015-11-13,1.0722,Historical
2015-11-16,1.0708,Historical
2015-11-17,1.0634,Historical
2015-11-18,1.0638,Historical
2015-11-19,1.0746,Historical
2015-11-20,1.066,Historical
2015-11-23,1.0602,Historical
2015-11-24,1.0652,Historical
2015-11-25,1.0616,Historical
2015-11-27,1.0596,Historical
2015-11-30,1.0562,Historical
2015-12-01,1.062,Historical
2015-12-02,1.0573,Historical
2015-12-03,1.0902,Historical
2015-12-04,1.0884,Historical
2015-12-07,1.084,Historical
2015-12-08,1.0876,Historical
2015-12-09,1.0984,Historical
2015-12-10,1.0948,Historical
2015-12-11,1.1002,Historical
2015-12-14,1.1025,Historical
2015-12-15,1.0911,Historical
2015-12-16,1.0937,Historical
2015-12-17,1.0804,Historical
2015-12-18,1.0847,Historical
2015-12-21,1.092,Historical
2015-12-22,1.0978,Historical
2015-12-23,1.0875,Historical
2015-12-24,1.0955,Historical
2015-12-28,1.0983,Historical
2015-12-29,1.0916,Historical
2015-12-30,1.0912,Historical
2015-12-31,1.0859,Historical
2016-01-04,1.0803,Historical
2016-01-05,1.0743,Historical
2016-01-06,1.0762,Historical
2016-01-07,1.086,Historical
2016-01-08,1.0885,Historical
2016-01-11,1.0878,Historical
2016-01-12,1.0837,Historical
2016-01-13,1.0862,Historical
2016-01-14,1.0862,Historical
2016-01-15,1.0964,Historical
2016-01-19,1.0906,Historical
2016-01-20,1.0908,Historical
2016-01-21,1.0833,Historical
2016-01-22,1.0814,Historical
2016-01-25,1.0832,Historical
2016-01-26,1.0846,Historical
2016-01-27,1.0867,Historical
2016-01-28,1.0952,Historical
2016-01-29,1.0832,Historical
2016-02-01,1.0888,Historical
2016-02-02,1.0908,Historical
2016-02-03,1.1051,Historical
2016-02-04,1.1199,Historical
2016-02-05,1.1131,Historical
2016-02-08,1.117,Historical
2016-02-09,1.13,Historical
2016-02-10,1.1222,Historical
2016-02-11,1.1362,Historical
2016-02-12,1.1235,Historical
2016-02-16,1.114,Historical
2016-02-17,1.114,Historical
2016-02-18,1.1092,Historical
2016-02-19,1.1127,Historical
2016-02-22,1.1018,Historical
2016-02-23,1.1016,Historical
2016-02-24,1.1021,Historical
2016-02-25,1.1026,Historical
2016-02-26,1.0932,Historical
2016-02-29,1.0868,Historical
2016-03-01,1.0847,Historical
2016-03-02,1.0845,Historical
2016-03-03,1.0948,Historical
2016-03-04,1.101,Historical
2016-03-07,1.1004,Historical
2016-03-08,1.1028,Historical
2016-03-09,1.1022,Historical
2016-03-10,1.1162,Historical
2016-03-11,1.118,Historical
2016-03-14,1.1107,Historical
2016-03-15,1.1112,Historical
2016-03-16,1.1075,Historical
2016-03-17,1.1316,Historical
2016-03-18,1.1292,Historical
2016-03-21,1.126,Historical
2016-03-22,1.1228,Historical
2016-03-23,1.1174,Historical
2016-03-24,1.1163,Historical
2016-03-25,1.1164,Historical
2016-03-28,1.121,Historical
2016-03-29,1.1204,Historical
2016-03-30,1.133,Historical
2016-03-31,1.139,Historical
2016-04-01,1.1385,Historical
2016-04-04,1.1386,Historical
2016-04-05,1.1374,Historical
2016-04-06,1.143,Historical
2016-04-07,1.1386,Historical
2016-04-08,1.1406,Historical
2016-04-11,1.1412,Historical
2016-04-12,1.1395,Historical
2016-04-13,1.1281,Historical
2016-04-14,1.1262,Historical
2016-04-15,1.1295,Historical
2016-04-18,1.1322,Historical
2016-04-19,1.1375,Historical
2016-04-20,1.133,Historical
2016-04-21,1.1301,Historical
2016-04-22,1.1239,Historical
2016-04-25,1.1274,Historical
2016-04-26,1.1318,Historical
2016-04-27,1.1322,Historical
2016-04-28,1.1325,Historical
2016-04-29,1.1441,Historical
2016-05-02,1.1516,Historical
2016-05-03,1.1508,Historical
2016-05-04,1.1486,Historical
2016-05-05,1.1404,Historical
2016-05-06,1.1421,Historical
2016-05-09,1.1402,Historical
2016-05-10,1.1386,Historical
2016-05-11,1.1444,Historical
2016-05-12,1.138,Historical
2016-05-13,1.1294,Historical
2016-05-16,1.1328,Historical
2016-05-17,1.1337,Historical
2016-05-18,1.1276,Historical
2016-05-19,1.1214,Historical
2016-05-20,1.1207,Historical
2016-05-23,1.1192,Historical
2016-05-24,1.1145,Historical
2016-05-25,1.1154,Historical
2016-05-26,1.1184,Historical
2016-05-27,1.114,Historical
2016-05-31,1.1135,Historical
2016-06-01,1.1165,Historical
2016-06-02,1.1157,Historical
2016-06-03,1.133,Historical
2016-06-06,1.1354,Historical
2016-06-07,1.135,Historical
2016-06-08,1.14,Historical
2016-06-09,1.1329,Historical
2016-06-10,1.1281,Historical
2016-06-13,1.1282,Historical
2016-06-14,1.1206,Historical
2016-06-15,1.1239,Historical
2016-06-16,1.1158,Historical
2016-06-17,1.1256,Historical
2016-06-20,1.1318,Historical
2016-06-21,1.1262,Historical
2016-06-22,1.1286,Historical
2016-06-23,1.1373,Historical
2016-06-24,1.1126,Historical
2016-06-27,1.1024,Historical
2016-06-28,1.1054,Historical
2016-06-29,1.1117,Historical
2016-06-30,1.1032,Historical
2016-07-01,1.1145,Historical
2016-07-05,1.108,Historical
2016-07-06,1.1077,Historical
2016-07-07,1.1065,Historical
2016-07-08,1.1038,Historical
2016-07-11,1.1045,Historical
2016-07-12,1.1074,Historical
2016-07-13,1.1112,Historical
2016-07-14,1.1109,Historical
2016-07-15,1.1059,Historical
2016-07-18,1.1076,Historical
2016-07-19,1.1014,Historical
2016-07-20,1.1007,Historical
2016-07-21,1.1016,Historical
2016-07-22,1.0968,Historical
2016-07-25,1.098,Historical
2016-07-26,1.0984,Historical
2016-07-27,1.0988,Historical
2016-07-28,1.1094,Historical
2016-07-29,1.1168,Historical
2016-08-01,1.1176,Historical
2016-08-02,1.1225,Historical
2016-08-03,1.117,Historical
2016-08-04,1.1134,Historical
2016-08-05,1.108,Historical
2016-08-08,1.1078,Historical
2016-08-09,1.111,Historical
2016-08-10,1.1171,Historical
2016-08-11,1.1168,Historical
2016-08-12,1.1172,Historical
2016-08-15,1.1199,Historical
2016-08-16,1.1277,Historical
2016-08-17,1.1263,Historical
2016-08-18,1.1334,Historical
2016-08-19,1.1326,Historical
2016-08-22,1.1314,Historical
2016-08-23,1.1308,Historical
2016-08-24,1.1256,Historical
2016-08-25,1.1274,Historical
2016-08-26,1.1237,Historical
2016-08-29,1.1182,Historical
2016-08-30,1.115,Historical
2016-08-31,1.1146,Historical
2016-09-01,1.1194,Historical
2016-09-02,1.1158,Historical
2016-09-06,1.1237,Historical
2016-09-07,1.1238,Historical
2016-09-08,1.1256,Historical
2016-09-09,1.1214,Historical
2016-09-12,1.123,Historical
2016-09-13,1.1242,Historical
2016-09-14,1.1271,Historical
2016-09-15,1.1246,Historical
2016-09-16,1.116,Historical
2016-09-19,1.1179,Historical
2016-09-20,1.1172,Historical
2016-09-21,1.1165,Historical
2016-09-22,1.1229,Historical
2016-09-23,1.1223,Historical
2016-09-26,1.127,Historical
2016-09-27,1.1208,Historical
2016-09-28,1.12,Historical
2016-09-29,1.1244,Historical
2016-09-30,1.1238,Historical
2016-10-03,1.121,Historical
2016-10-04,1.1212,Historical
2016-10-05,1.1196,Historical
2016-10-06,1.1158,Historical
2016-10-07,1.1156,Historical
2016-10-11,1.1062,Historical
2016-10-12,1.1014,Historical
2016-10-13,1.1038,Historical
2016-10-14,1.0985,Historical
2016-10-17,1.1,Historical
2016-10-18,1.0997,Historical
2016-10-19,1.0966,Historical
2016-10-20,1.0934,Historical
2016-10-21,1.0866,Historical
2016-10-24,1.0888,Historical
2016-10-25,1.089,Historical
2016-10-26,1.0916,Historical
2016-10-27,1.0904,Historical
2016-10-28,1.0934,Historical
2016-10-31,1.0962,Historical
2016-11-01,1.1042,Historical
2016-11-02,1.1119,Historical
2016-11-03,1.1094,Historical
2016-11-04,1.1121,Historical
2016-11-07,1.1038,Historical
2016-11-08,1.1034,Historical
2016-11-09,1.0952,Historical
2016-11-10,1.0882,Historical
2016-11-14,1.0723,Historical
2016-11-15,1.0726,Historical
2016-11-16,1.0699,Historical
2016-11-17,1.0656,Historical
2016-11-18,1.06,Historical
2016-11-21,1.0597,Historical
2016-11-22,1.0618,Historical
2016-11-23,1.056,Historical
2016-11-25,1.0595,Historical
2016-11-28,1.0576,Historical
2016-11-29,1.0626,Historical
2016-11-30,1.0578,Historical
2016-12-01,1.0634,Historical
2016-12-02,1.0666,Historical
2016-12-05,1.0723,Historical
2016-12-06,1.0717,Historical
2016-12-07,1.0758,Historical
2016-12-08,1.0625,Historical
2016-12-09,1.0541,Historical
2016-12-12,1.0606,Historical
2016-12-13,1.0635,Historical
2016-12-14,1.0656,Historical
2016-12-15,1.0375,Historical
2016-12-16,1.0456,Historical
2016-12-19,1.0444,Historical
2016-12-20,1.039,Historical
2016-12-21,1.0425,Historical
2016-12-22,1.0452,Historical
2016-12-23,1.0449,Historical
2016-12-27,1.0458,Historical
2016-12-28,1.0389,Historical
2016-12-29,1.0486,Historical
2016-12-30,1.0552,Historical
2017-01-03,1.0416,Historical
2017-01-04,1.0476,Historical
2017-01-05,1.0598,Historical
2017-01-06,1.056,Historical
2017-01-09,1.0576,Historical
2017-01-10,1.0572,Historical
2017-01-11,1.0501,Historical
2017-01-12,1.0666,Historical
2017-01-13,1.0625,Historical
2017-01-17,1.0695,Historical
2017-01-18,1.0682,Historical
2017-01-19,1.063,Historical
2017-01-23,1.074,Historical
2017-01-24,1.0749,Historical
2017-01-25,1.0743,Historical
2017-01-26,1.067,Historical
2017-01-27,1.069,Historical
2017-01-30,1.0681,Historical
2017-01-31,1.0794,Historical
2017-02-01,1.0758,Historical
2017-02-02,1.0802,Historical
2017-02-03,1.0792,Historical
2017-02-06,1.0731,Historical
2017-02-07,1.069,Historical
2017-02-08,1.0708,Historical
2017-02-09,1.0658,Historical
2017-02-10,1.065,Historical
2017-02-13,1.0603,Historical
2017-02-14,1.0577,Historical
2017-02-15,1.0597,Historical
2017-02-16,1.066,Historical
2017-02-17,1.0614,Historical
2017-02-21,1.0551,Historical
2017-02-22,1.0555,Historical
2017-02-23,1.0586,Historical
2017-02-24,1.058,Historical
2017-02-27,1.0624,Historical
2017-02-28,1.0618,Historical
2017-03-01,1.0564,Historical
2017-03-02,1.0514,Historical
2017-03-03,1.0552,Historical
2017-03-06,1.0586,Historical
2017-03-07,1.0582,Historical
2017-03-08,1.0547,Historical
2017-03-09,1.0586,Historical
2017-03-10,1.0667,Historical
2017-03-13,1.067,Historical
2017-03-14,1.0645,Historical
2017-03-15,1.063,Historical
2017-03-16,1.0738,Historical
2017-03-17,1.0742,Historical
2017-03-20,1.0754,Historical
2017-03-21,1.081,Historical
2017-03-22,1.08,Historical
2017-03-23,1.0787,Historical
2017-03-24,1.0806,Historical
2017-03-27,1.0882,Historical
2017-03-28,1.0852,Historical
2017-03-29,1.0756,Historical
2017-03-30,1.0726,Historical
2017-03-31,1.0698,Historical
2017-04-03,1.0655,Historical
2017-04-04,1.0664,Historical
2017-04-05,1.0661,Historical
2017-04-06,1.0651,Historical
2017-04-07,1.0616,Historical
2017-04-10,1.0606,Historical
2017-04-11,1.0614,Historical
2017-04-12,1.0611,Historical
2017-04-13,1.063,Historical
2017-04-14,1.0625,Historical
2017-04-17,1.066,Historical
2017-04-18,1.0706,Historical
2017-04-19,1.0707,Historical
2017-04-20,1.0758,Historical
2017-04-21,1.0694,Historical
2017-04-24,1.0846,Historical
2017-04-25,1.0941,Historical
2017-04-26,1.0872,Historical
2017-04-27,1.0864,Historical
2017-04-28,1.0895,Historical
2017-05-01,1.0912,Historical
2017-05-02,1.091,Historical
2017-05-03,1.092,Historical
2017-05-04,1.0967,Historical
2017-05-05,1.0996,Historical
2017-05-08,1.0928,Historical
2017-05-09,1.0875,Historical
2017-05-10,1.0873,Historical
2017-05-11,1.0869,Historical
2017-05-12,1.0926,Historical
2017-05-15,1.0979,Historical
2017-05-16,1.1072,Historical
2017-05-17,1.1134,Historical
2017-05-18,1.113,Historical
2017-05-19,1.119,Historical
2017-05-22,1.1236,Historical
2017-05-23,1.1198,Historical
2017-05-24,1.1175,Historical
2017-05-25,1.1218,Historical
2017-05-26,1.117,Historical
2017-05-30,1.1183,Historical
2017-05-31,1.1236,Historical
2017-06-01,1.1214,Historical
2017-06-02,1.127,Historical
2017-06-05,1.125,Historical
2017-06-06,1.1266,Historical
2017-06-07,1.1236,Historical
2017-06-08,1.1217,Historical
2017-06-09,1.119,Historical
2017-06-12,1.1204,Historical
2017-06-13,1.1194,Historical
2017-06-14,1.1277,Historical
2017-06-15,1.1152,Historical
2017-06-16,1.1194,Historical
2017-06-19,1.116,Historical
2017-06-20,1.1124,Historical
2017-06-21,1.1143,Historical
2017-06-22,1.1148,Historical
2017-06-23,1.1196,Historical
2017-06-26,1.1196,Historical
2017-06-27,1.13,Historical
2017-06-28,1.1364,Historical
2017-06-29,1.142,Historical
2017-06-30,1.1411,Historical
2017-07-03,1.1367,Historical
2017-07-05,1.1336,Historical
2017-07-06,1.1409,Historical
2017-07-07,1.1396,Historical
2017-07-10,1.1396,Historical
2017-07-11,1.143,Historical
2017-07-12,1.1411,Historical
2017-07-13,1.1385,Historical
2017-07-14,1.1452,Historical
2017-07-17,1.147,Historical
2017-07-18,1.1578,Historical
2017-07-19,1.1518,Historical
2017-07-20,1.1634,Historical
2017-07-21,1.1655,Historical
2017-07-24,1.1642,Historical
2017-07-25,1.1656,Historical
2017-07-26,1.1632,Historical
2017-07-27,1.1656,Historical
2017-07-28,1.1754,Historical
2017-07-31,1.1826,Historical
2017-08-01,1.1799,Historical
2017-08-02,1.1861,Historical
2017-08-03,1.188,Historical
2017-08-04,1.1754,Historical
2017-08-07,1.1788,Historical
2017-08-08,1.1724,Historical
2017-08-09,1.1748,Historical
2017-08-10,1.1751,Historical
2017-08-11,1.1811,Historical
2017-08-14,1.1786,Historical
2017-08-15,1.1736,Historical
2017-08-16,1.1703,Historical
2017-08-17,1.1736,Historical
2017-08-18,1.1748,Historical
2017-08-21,1.1814,Historical
2017-08-22,1.1762,Historical
2017-08-23,1.1802,Historical
2017-08-24,1.1801,Historical
2017-08-25,1.1874,Historical
2017-08-28,1.1973,Historical
2017-08-29,1.2025,Historical
2017-08-30,1.1927,Historical
2017-08-31,1.1894,Historical
2017-09-01,1.1878,Historical
2017-09-05,1.1911,Historical
2017-09-06,1.1943,Historical
2017-09-07,1.2028,Historical
2017-09-08,1.2041,Historical
2017-09-11,1.1964,Historical
2017-09-12,1.1968,Historical
2017-09-13,1.1898,Historical
2017-09-14,1.1886,Historical
2017-09-15,1.1959,Historical
2017-09-18,1.1938,Historical
2017-09-19,1.198,Historical
2017-09-20,1.1998,Historical
2017-09-21,1.1946,Historical
2017-09-22,1.1969,Historical
2017-09-25,1.1852,Historical
2017-09-26,1.1772,Historical
2017-09-27,1.1747,Historical
2017-09-28,1.1776,Historical
2017-09-29,1.1813,Historical
2017-10-02,1.1745,Historical
2017-10-03,1.1759,Historical
2017-10-04,1.176,Historical
2017-10-05,1.1706,Historical
2017-10-06,1.1732,Historical
2017-10-10,1.1804,Historical
2017-10-11,1.1847,Historical
2017-10-12,1.184,Historical
2017-10-13,1.1837,Historical
2017-10-16,1.181,Historical
2017-10-17,1.1754,Historical
2017-10-18,1.1775,Historical
2017-10-19,1.1842,Historical
2017-10-20,1.177,Historical
2017-10-23,1.1762,Historical
2017-10-24,1.1766,Historical
2017-10-25,1.1802,Historical
2017-10-26,1.17,Historical
2017-10-27,1.158,Historical
2017-10-30,1.1626,Historical
2017-10-31,1.1648,Historical
2017-11-01,1.1618,Historical
2017-11-02,1.1672,Historical
2017-11-03,1.1616,Historical
2017-11-06,1.16,Historical
2017-11-07,1.1577,Historical
2017-11-08,1.1591,Historical
2017-11-09,1.1648,Historical
2017-11-13,1.1656,Historical
2017-11-14,1.1764,Historical
2017-11-15,1.1794,Historical
2017-11-16,1.1772,Historical
2017-11-17,1.1799,Historical
2017-11-20,1.1741,Historical
2017-11-21,1.1741,Historical
2017-11-22,1.1789,Historical
2017-11-24,1.1936,Historical
2017-11-27,1.1911,Historical
2017-11-28,1.1878,Historical
2017-11-29,1.1858,Historical
2017-11-30,1.1898,Historical
2017-12-01,1.191,Historical
2017-12-04,1.1848,Historical
2017-12-05,1.182,Historical
2017-12-06,1.1788,Historical
2017-12-07,1.179,Historical
2017-12-08,1.1761,Historical
2017-12-11,1.1802,Historical
2017-12-12,1.1725,Historical
2017-12-13,1.1762,Historical
2017-12-14,1.1778,Historical
2017-12-15,1.1778,Historical
2017-12-18,1.1804,Historical
2017-12-19,1.1822,Historical
2017-12-20,1.1881,Historical
2017-12-21,1.1872,Historical
2017-12-22,1.1839,Historical
2017-12-26,1.1867,Historical
2017-12-27,1.1902,Historical
2017-12-28,1.1952,Historical
2017-12-29,1.2022,Historical
2018-01-02,1.205,Historical
2018-01-03,1.203,Historical
2018-01-04,1.2064,Historical
2018-01-05,1.2039,Historical
2018-01-08,1.1973,Historical
2018-01-09,1.1922,Historical
2018-01-10,1.1958,Historical
2018-01-11,1.2035,Historical
2018-01-12,1.213,Historical
2018-01-16,1.2244,Historical
2018-01-17,1.2229,Historical
2018-01-18,1.2238,Historical
2018-01-19,1.2238,Historical
2018-01-22,1.223,Historical
2018-01-23,1.2277,Historical
2018-01-24,1.239,Historical
2018-01-25,1.2488,Historical
2018-01-26,1.2422,Historical
2018-01-29,1.2352,Historical
2018-01-30,1.239,Historical
2018-01-31,1.2428,Historical
2018-02-01,1.2482,Historical
2018-02-02,1.2446,Historical
2018-02-05,1.2418,Historical
2018-02-06,1.2381,Historical
2018-02-07,1.2281,Historical
2018-02-08,1.2238,Historical
2018-02-09,1.2226,Historical
2018-02-12,1.2267,Historical
2018-02-13,1.2363,Historical
2018-02-14,1.2396,Historical
2018-02-15,1.2482,Historical
2018-02-16,1.2442,Historical
2018-02-20,1.2348,Historical
2018-02-21,1.2314,Historical
2018-02-22,1.2326,Historical
2018-02-23,1.2298,Historical
2018-02-26,1.2296,Historical
2018-02-27,1.2239,Historical
2018-02-28,1.2211,Historical
2018-03-01,1.2216,Historical
2018-03-02,1.2314,Historical
2018-03-05,1.233,Historical
2018-03-06,1.2415,Historical
2018-03-07,1.2397,Historical
2018-03-08,1.2314,Historical
2018-03-09,1.2326,Historical
2018-03-12,1.2318,Historical
2018-03-13,1.2398,Historical
2018-03-14,1.2362,Historical
2018-03-15,1.2321,Historical
2018-03-16,1.228,Historical
2018-03-19,1.2329,Historical
2018-03-20,1.2271,Historical
2018-03-21,1.2268,Historical
2018-03-22,1.231,Historical
2018-03-23,1.236,Historical
2018-03-26,1.244,Historical
2018-03-27,1.241,Historical
2018-03-28,1.2351,Historical
2018-03-29,1.2297,Historical
2018-03-30,1.232,Historical
2018-04-02,1.2288,Historical
2018-04-03,1.2261,Historical
2018-04-04,1.2292,Historical
2018-04-05,1.223,Historical
2018-04-06,1.2274,Historical
2018-04-09,1.232,Historical
2018-04-10,1.2338,Historical
2018-04-11,1.2384,Historical
2018-04-12,1.232,Historical
2018-04-13,1.2322,Historical
2018-04-16,1.2373,Historical
2018-04-17,1.2345,Historical
2018-04-18,1.238,Historical
2018-04-19,1.2336,Historical
2018-04-20,1.2282,Historical
2018-04-23,1.2216,Historical
2018-04-24,1.2226,Historical
2018-04-25,1.2178,Historical
2018-04-26,1.2113,Historical
2018-04-27,1.2108,Historical
2018-04-30,1.2074,Historical
2018-05-01,1.2,Historical
2018-05-02,1.1968,Historical
2018-05-03,1.197,Historical
2018-05-04,1.1946,Historical
2018-05-07,1.1927,Historical
2018-05-08,1.1863,Historical
2018-05-09,1.1852,Historical
2018-05-10,1.1896,Historical
2018-05-11,1.1951,Historical
2018-05-14,1.1976,Historical
2018-05-15,1.1864,Historical
2018-05-16,1.1788,Historical
2018-05-17,1.1798,Historical
2018-05-18,1.1775,Historical
2018-05-21,1.1768,Historical
2018-05-22,1.1783,Historical
2018-05-23,1.1693,Historical
2018-05-24,1.1729,Historical
2018-05-25,1.1666,Historical
2018-05-29,1.1551,Historical
2018-05-30,1.1664,Historical
2018-05-31,1.167,Historical
2018-06-01,1.1679,Historical
2018-06-04,1.1696,Historical
2018-06-05,1.1672,Historical
2018-06-06,1.1778,Historical
2018-06-07,1.1815,Historical
2018-06-08,1.1773,Historical
2018-06-11,1.1802,Historical
2018-06-12,1.1792,Historical
2018-06-13,1.1784,Historical
2018-06-14,1.1634,Historical
2018-06-15,1.1616,Historical
2018-06-18,1.1606,Historical
2018-06-19,1.1577,Historical
2018-06-20,1.1592,Historical
2018-06-21,1.16,Historical
2018-06-22,1.163,Historical
2018-06-25,1.1694,Historical
2018-06-26,1.1675,Historical
2018-06-27,1.1588,Historical
2018-06-28,1.1582,Historical
2018-06-29,1.1677,Historical
2018-07-02,1.1604,Historical
2018-07-03,1.1653,Historical
2018-07-05,1.1697,Historical
2018-07-06,1.1738,Historical
2018-07-09,1.1744,Historical
2018-07-10,1.1728,Historical
2018-07-11,1.1722,Historical
2018-07-12,1.1692,Historical
2018-07-13,1.1667,Historical
2018-07-16,1.171,Historical
2018-07-17,1.1664,Historical
2018-07-18,1.1645,Historical
2018-07-19,1.1604,Historical
2018-07-20,1.1708,Historical
2018-07-23,1.1702,Historical
2018-07-24,1.1684,Historical
2018-07-25,1.1677,Historical
2018-07-26,1.1654,Historical
2018-07-27,1.166,Historical
2018-07-30,1.1718,Historical
2018-07-31,1.1706,Historical
2018-08-01,1.1666,Historical
2018-08-02,1.1612,Historical
2018-08-03,1.1597,Historical
2018-08-06,1.1564,Historical
2018-08-07,1.1597,Historical
2018-08-08,1.1598,Historical
2018-08-09,1.1566,Historical
2018-08-10,1.1399,Historical
2018-08-13,1.1396,Historical
2018-08-14,1.1351,Historical
2018-08-15,1.1332,Historical
2018-08-16,1.1388,Historical
2018-08-17,1.141,Historical
2018-08-20,1.1438,Historical
2018-08-21,1.1534,Historical
2018-08-22,1.1595,Historical
2018-08-23,1.1567,Historical
2018-08-24,1.1625,Historical
2018-08-27,1.1676,Historical
2018-08-28,1.172,Historical
2018-08-29,1.1699,Historical
2018-08-30,1.1646,Historical
2018-08-31,1.1596,Historical
2018-09-04,1.1566,Historical
2018-09-05,1.162,Historical
2018-09-06,1.1624,Historical
2018-09-07,1.1572,Historical
2018-09-10,1.1604,Historical
2018-09-11,1.1591,Historical
2018-09-12,1.1626,Historical
2018-09-13,1.1672,Historical
2018-09-14,1.1656,Historical
2018-09-17,1.1687,Historical
2018-09-18,1.1693,Historical
2018-09-19,1.1685,Historical
2018-09-20,1.1744,Historical
2018-09-21,1.1739,Historical
2018-09-24,1.1773,Historical
2018-09-25,1.177,Historical
2018-09-26,1.1758,Historical
2018-09-27,1.167,Historical
2018-09-28,1.1622,Historical
2018-10-01,1.1567,Historical
2018-10-02,1.156,Historical
2018-10-03,1.1525,Historical
2018-10-04,1.1508,Historical
2018-10-05,1.1502,Historical
2018-10-09,1.1482,Historical
2018-10-10,1.1541,Historical
2018-10-11,1.1565,Historical
2018-10-12,1.1559,Historical
2018-10-15,1.1594,Historical
2018-10-16,1.1593,Historical
2018-10-17,1.154,Historical
2018-10-18,1.1494,Historical
2018-10-19,1.1513,Historical
2018-10-22,1.1467,Historical
2018-10-23,1.148,Historical
2018-10-24,1.1389,Historical
2018-10-25,1.1374,Historical
2018-10-26,1.1388,Historical
2018-10-29,1.139,Historical
2018-10-30,1.1364,Historical
2018-10-31,1.1332,Historical
2018-11-01,1.1396,Historical
2018-11-02,1.1378,Historical
2018-11-05,1.1394,Historical
2018-11-06,1.1412,Historical
2018-11-07,1.1459,Historical
2018-11-08,1.1416,Historical
2018-11-09,1.1325,Historical
2018-11-13,1.1288,Historical
2018-11-14,1.1312,Historical
2018-11-15,1.1324,Historical
2018-11-16,1.1402,Historical
2018-11-19,1.1448,Historical
2018-11-20,1.1391,Historical
2018-11-21,1.1393,Historical
2018-11-23,1.1332,Historical
2018-11-26,1.1336,Historical
2018-11-27,1.1281,Historical
2018-11-28,1.1286,Historical
2018-11-29,1.1382,Historical
2018-11-30,1.1323,Historical
2018-12-03,1.1356,Historical
2018-12-04,1.1345,Historical
2018-12-06,1.1374,Historical
2018-12-07,1.139,Historical
2018-12-10,1.1368,Historical
2018-12-11,1.1314,Historical
2018-12-12,1.1362,Historical
2018-12-13,1.1358,Historical
2018-12-14,1.13,Historical
2018-12-17,1.1339,Historical
2018-12-18,1.1364,Historical
2018-12-19,1.1422,Historical
2018-12-20,1.1432,Historical
2018-12-21,1.1402,Historical
2018-12-26,1.1408,Historical
2018-12-27,1.1412,Historical
2018-12-28,1.1445,Historical
2018-12-31,1.1456,Historical
2019-01-02,1.1357,Historical
2019-01-03,1.1399,Historical
2019-01-04,1.141,Historical
2019-01-07,1.1468,Historical
2019-01-08,1.1444,Historical
2019-01-09,1.1524,Historical
2019-01-10,1.1517,Historical
2019-01-11,1.1479,Historical
2019-01-15,1.1392,Historical
2019-01-16,1.1408,Historical
2019-01-17,1.1386,Historical
2019-01-18,1.1362,Historical
2019-01-22,1.1359,Historical
2019-01-23,1.139,Historical
2019-01-24,1.1322,Historical
2019-01-25,1.1407,Historical
2019-01-28,1.1438,Historical
2019-01-29,1.1424,Historical
2019-01-30,1.1418,Historical
2019-01-31,1.1454,Historical
2019-02-01,1.1474,Historical
2019-02-04,1.1438,Historical
2019-02-05,1.1406,Historical
2019-02-06,1.138,Historical
2019-02-07,1.1357,Historical
2019-02-08,1.1326,Historical
2019-02-11,1.1277,Historical
2019-02-12,1.1316,Historical
2019-02-13,1.1288,Historical
2019-02-14,1.1284,Historical
2019-02-15,1.1268,Historical
2019-02-19,1.1328,Historical
2019-02-21,1.1338,Historical
2019-02-22,1.1342,Historical
2019-02-25,1.1345,Historical
2019-02-26,1.1374,Historical
2019-02-27,1.137,Historical
2019-02-28,1.1379,Historical
2019-03-01,1.1376,Historical
2019-03-04,1.1328,Historical
2019-03-05,1.13,Historical
2019-03-06,1.132,Historical
2019-03-07,1.1214,Historical
2019-03-08,1.1243,Historical
2019-03-11,1.1226,Historical
2019-03-12,1.1276,Historical
2019-03-13,1.131,Historical
2019-03-14,1.1304,Historical
2019-03-15,1.1326,Historical
2019-03-18,1.1337,Historical
2019-03-19,1.1346,Historical
2019-03-20,1.1352,Historical
2019-03-21,1.1361,Historical
2019-03-22,1.1282,Historical
2019-03-25,1.1324,Historical
2019-03-26,1.128,Historical
2019-03-27,1.125,Historical
2019-03-28,1.1236,Historical
2019-03-29,1.1228,Historical
2019-04-01,1.121,Historical
2019-04-02,1.1186,Historical
2019-04-03,1.1242,Historical
2019-04-04,1.1216,Historical
2019-04-05,1.1217,Historical
2019-04-08,1.1262,Historical
2019-04-09,1.1278,Historical
2019-04-10,1.1266,Historical
2019-04-11,1.1262,Historical
2019-04-12,1.1304,Historical
2019-04-15,1.1304,Historical
2019-04-16,1.1293,Historical
2019-04-17,1.1297,Historical
2019-04-18,1.1241,Historical
2019-04-19,1.1246,Historical
2019-04-22,1.1258,Historical
2019-04-23,1.1213,Historical
2019-04-24,1.1192,Historical
2019-04-25,1.114,Historical
2019-04-26,1.1154,Historical
2019-04-29,1.1166,Historical
2019-04-30,1.1201,Historical
2019-05-01,1.1246,Historical
2019-05-02,1.1184,Historical
2019-05-03,1.1186,Historical
2019-05-06,1.1197,Historical
2019-05-07,1.1178,Historical
2019-05-08,1.1206,Historical
2019-05-09,1.1228,Historical
2019-05-10,1.1241,Historical
2019-05-13,1.1232,Historical
2019-05-14,1.1207,Historical
2019-05-15,1.1208,Historical
2019-05-16,1.1178,Historical
2019-05-17,1.1166,Historical
2019-05-20,1.117,Historical
2019-05-21,1.1158,Historical
2019-05-22,1.1156,Historical
2019-05-23,1.1172,Historical
2019-05-24,1.1197,Historical
2019-05-28,1.1177,Historical
2019-05-29,1.1136,Historical
2019-05-30,1.114,Historical
2019-05-31,1.1149,Historical
2019-06-03,1.1206,Historical
2019-06-04,1.1236,Historical
2019-06-05,1.1242,Historical
2019-06-06,1.1294,Historical
2019-06-07,1.1324,Historical
2019-06-10,1.1311,Historical
2019-06-11,1.1316,Historical
2019-06-12,1.131,Historical
2019-06-13,1.1275,Historical
2019-06-14,1.1217,Historical
2019-06-17,1.1235,Historical
2019-06-18,1.1196,Historical
2019-06-19,1.1214,Historical
2019-06-20,1.1284,Historical
2019-06-21,1.1328,Historical
2019-06-24,1.1393,Historical
2019-06-25,1.1386,Historical
2019-06-26,1.139,Historical
2019-06-27,1.1372,Historical
2019-06-28,1.1374,Historical
2019-07-01,1.1307,Historical
2019-07-02,1.1301,Historical
2019-07-03,1.1275,Historical
2019-07-05,1.1216,Historical
2019-07-08,1.1208,Historical
2019-07-09,1.121,Historical
2019-07-10,1.126,Historical
2019-07-11,1.1261,Historical
2019-07-12,1.1254,Historical
2019-07-15,1.126,Historical
2019-07-16,1.1212,Historical
2019-07-17,1.1232,Historical
2019-07-18,1.1228,Historical
2019-07-19,1.122,Historical
2019-07-22,1.1214,Historical
2019-07-23,1.1156,Historical
2019-07-24,1.1141,Historical
2019-07-25,1.1156,Historical
2019-07-26,1.1121,Historical
2019-07-29,1.1142,Historical
2019-07-30,1.1148,Historical
2019-07-31,1.113,Historical
2019-08-01,1.1062,Historical
2019-08-02,1.1112,Historical
2019-08-05,1.1197,Historical
2019-08-06,1.1196,Historical
2019-08-07,1.1236,Historical
2019-08-08,1.121,Historical
2019-08-09,1.1222,Historical
2019-08-12,1.1212,Historical
2019-08-13,1.1182,Historical
2019-08-14,1.1144,Historical
2019-08-15,1.1106,Historical
2019-08-16,1.1091,Historical
2019-08-19,1.1096,Historical
2019-08-20,1.1092,Historical
2019-08-21,1.1098,Historical
2019-08-22,1.1089,Historical
2019-08-23,1.1148,Historical
2019-08-26,1.1112,Historical
2019-08-27,1.1094,Historical
2019-08-28,1.1084,Historical
2019-08-29,1.1059,Historical
2019-08-30,1.0989,Historical
2019-09-03,1.0968,Historical
2019-09-04,1.1025,Historical
2019-09-05,1.1038,Historical
2019-09-06,1.1042,Historical
2019-09-09,1.1056,Historical
2019-09-10,1.1042,Historical
2019-09-11,1.1001,Historical
2019-09-12,1.1074,Historical
2019-09-13,1.1074,Historical
2019-09-16,1.1006,Historical
2019-09-17,1.1063,Historical
2019-09-18,1.1061,Historical
2019-09-19,1.1046,Historical
2019-09-20,1.1004,Historical
2019-09-23,1.0991,Historical
2019-09-24,1.0999,Historical
2019-09-25,1.0949,Historical
2019-09-26,1.0938,Historical
2019-09-27,1.0942,Historical
2019-09-30,1.0905,Historical
2019-10-01,1.0932,Historical
2019-10-02,1.0951,Historical
2019-10-03,1.0991,Historical
2019-10-04,1.0974,Historical
2019-10-07,1.0984,Historical
2019-10-08,1.0949,Historical
2019-10-09,1.0978,Historical
2019-10-10,1.1018,Historical
2019-10-11,1.1039,Historical
2019-10-15,1.1036,Historical
2019-10-16,1.1075,Historical
2019-10-17,1.1129,Historical
2019-10-18,1.1155,Historical
2019-10-21,1.1145,Historical
2019-10-22,1.1138,Historical
2019-10-23,1.1118,Historical
2019-10-24,1.1098,Historical
2019-10-25,1.1081,Historical
2019-10-28,1.1094,Historical
2019-10-29,1.1117,Historical
2019-10-30,1.1123,Historical
2019-10-31,1.1155,Historical
2019-11-01,1.1169,Historical
2019-11-04,1.1144,Historical
2019-11-05,1.107,Historical
2019-11-06,1.1076,Historical
2019-11-07,1.1045,Historical
2019-11-08,1.1019,Historical
2019-11-12,1.1017,Historical
2019-11-13,1.1004,Historical
2019-11-14,1.1016,Historical
2019-11-15,1.1046,Historical
2019-11-18,1.1079,Historical
2019-11-19,1.1075,Historical
2019-11-20,1.1063,Historical
2019-11-21,1.1067,Historical
2019-11-22,1.1029,Historical
2019-11-25,1.1009,Historical
2019-11-26,1.1012,Historical
2019-11-27,1.1002,Historical
2019-11-29,1.1019,Historical
2019-12-02,1.1075,Historical
2019-12-03,1.1089,Historical
2019-12-04,1.1076,Historical
2019-12-05,1.1104,Historical
2019-12-06,1.1052,Historical
2019-12-09,1.1067,Historical
2019-12-10,1.109,Historical
2019-12-11,1.1092,Historical
2019-12-12,1.1115,Historical
2019-12-13,1.1128,Historical
2019-12-16,1.1139,Historical
2019-12-17,1.1148,Historical
2019-12-18,1.1113,Historical
2019-12-19,1.1128,Historical
2019-12-20,1.1076,Historical
2019-12-23,1.1091,Historical
2019-12-24,1.1084,Historical
2019-12-26,1.1102,Historical
2019-12-27,1.1174,Historical
2019-12-30,1.1217,Historical
2019-12-31,1.1227,Historical
2020-01-02,1.1166,Historical
2020-01-03,1.1173,Historical
2020-01-06,1.1187,Historical
2020-01-07,1.1138,Historical
2020-01-08,1.1117,Historical
2020-01-09,1.1106,Historical
2020-01-10,1.1119,Historical
2020-01-13,1.1138,Historical
2020-01-14,1.113,Historical
2020-01-15,1.116,Historical
2020-01-16,1.1131,Historical
2020-01-17,1.1093,Historical
2020-01-21,1.1096,Historical
2020-01-22,1.1085,Historical
2020-01-23,1.1041,Historical
2020-01-24,1.1026,Historical
2020-01-27,1.1019,Historical
2020-01-28,1.1008,Historical
2020-01-29,1.1004,Historical
2020-01-30,1.1032,Historical
2020-01-31,1.1082,Historical
2020-02-03,1.1062,Historical
2020-02-04,1.1043,Historical
2020-02-05,1.1006,Historical
2020-02-06,1.0979,Historical
2020-02-07,1.095,Historical
2020-02-10,1.0916,Historical
2020-02-11,1.0917,Historical
2020-02-12,1.0893,Historical
2020-02-13,1.0848,Historical
2020-02-14,1.0839,Historical
2020-02-18,1.0815,Historical
2020-02-19,1.0794,Historical
2020-02-20,1.0797,Historical
2020-02-21,1.0855,Historical
2020-02-24,1.0857,Historical
2020-02-25,1.0868,Historical
2020-02-26,1.0887,Historical
2020-02-27,1.0977,Historical
2020-02-28,1.1001,Historical
2020-03-02,1.1164,Historical
2020-03-03,1.1175,Historical
2020-03-04,1.113,Historical
2020-03-05,1.1202,Historical
2020-03-06,1.1319,Historical
2020-03-09,1.142,Historical
2020-03-10,1.1342,Historical
2020-03-11,1.128,Historical
2020-03-12,1.1081,Historical
2020-03-13,1.1066,Historical
2020-03-16,1.1139,Historical
2020-03-17,1.0971,Historical
2020-03-18,1.0833,Historical
2020-03-19,1.0699,Historical
2020-03-20,1.0682,Historical
2020-03-23,1.076,Historical
2020-03-24,1.0794,Historical
2020-03-25,1.0835,Historical
2020-03-26,1.1025,Historical
2020-03-27,1.1059,Historical
2020-03-30,1.1018,Historical
2020-03-31,1.1016,Historical
2020-04-01,1.0934,Historical
2020-04-02,1.0862,Historical
2020-04-03,1.0797,Historical
2020-04-06,1.0808,Historical
2020-04-07,1.0886,Historical
2020-04-08,1.0864,Historical
2020-04-09,1.0931,Historical
2020-04-10,1.0951,Historical
2020-04-13,1.0906,Historical
2020-04-14,1.0971,Historical
2020-04-15,1.0909,Historical
2020-04-16,1.084,Historical
2020-04-17,1.0883,Historical
2020-04-20,1.0874,Historical
2020-04-21,1.0854,Historical
2020-04-22,1.0829,Historical
2020-04-23,1.0815,Historical
2020-04-24,1.0798,Historical
2020-04-27,1.0829,Historical
2020-04-28,1.0836,Historical
2020-04-29,1.0853,Historical
2020-04-30,1.0934,Historical
2020-05-01,1.0998,Historical
2020-05-04,1.0911,Historical
2020-05-05,1.0844,Historical
2020-05-06,1.0806,Historical
2020-05-07,1.0815,Historical
2020-05-08,1.0854,Historical
2020-05-11,1.0818,Historical
2020-05-12,1.0864,Historical
2020-05-13,1.0837,Historical
2020-05-14,1.08,Historical
2020-05-15,1.0816,Historical
2020-05-18,1.0904,Historical
2020-05-19,1.0937,Historical
2020-05-20,1.098,Historical
2020-05-21,1.0953,Historical
2020-05-22,1.0894,Historical
2020-05-26,1.097,Historical
2020-05-27,1.0969,Historical
2020-05-28,1.1069,Historical
2020-05-29,1.1107,Historical
2020-06-01,1.1123,Historical
2020-06-02,1.1166,Historical
2020-06-03,1.1246,Historical
2020-06-04,1.1322,Historical
2020-06-05,1.1297,Historical
2020-06-08,1.1293,Historical
2020-06-09,1.1348,Historical
2020-06-10,1.1355,Historical
2020-06-11,1.1378,Historical
2020-06-12,1.1253,Historical
2020-06-15,1.127,Historical
2020-06-16,1.1259,Historical
2020-06-17,1.1219,Historical
2020-06-18,1.1216,Historical
2020-06-19,1.1189,Historical
2020-06-22,1.126,Historical
2020-06-23,1.1322,Historical
2020-06-24,1.1272,Historical
2020-06-25,1.1221,Historical
2020-06-26,1.1215,Historical
2020-06-29,1.1237,Historical
2020-06-30,1.1237,Historical
2020-07-01,1.1259,Historical
2020-07-02,1.1237,Historical
2020-07-06,1.1307,Historical
2020-07-07,1.1299,Historical
2020-07-08,1.1329,Historical
2020-07-09,1.1298,Historical
2020-07-10,1.1318,Historical
2020-07-13,1.1364,Historical
2020-07-14,1.1406,Historical
2020-07-15,1.1406,Historical
2020-07-16,1.1433,Historical
2020-07-17,1.1438,Historical
2020-07-20,1.1442,Historical
2020-07-21,1.1495,Historical
2020-07-22,1.1587,Historical
2020-07-23,1.1623,Historical
2020-07-24,1.1635,Historical
2020-07-27,1.175,Historical
2020-07-28,1.1733,Historical
2020-07-29,1.177,Historical
2020-07-30,1.1791,Historical
2020-07-31,1.1822,Historical
2020-08-03,1.175,Historical
2020-08-04,1.1766,Historical
2020-08-05,1.1898,Historical
2020-08-06,1.1856,Historical
2020-08-07,1.1776,Historical
2020-08-10,1.1756,Historical
2020-08-11,1.1764,Historical
2020-08-12,1.1796,Historical
2020-08-13,1.1818,Historical
2020-08-14,1.1833,Historical
2020-08-17,1.1869,Historical
2020-08-18,1.1928,Historical
2020-08-19,1.1898,Historical
2020-08-20,1.1862,Historical
2020-08-21,1.1775,Historical
2020-08-24,1.1803,Historical
2020-08-25,1.1818,Historical
2020-08-26,1.1813,Historical
2020-08-27,1.1824,Historical
2020-08-28,1.1901,Historical
2020-08-31,1.195,Historical
2020-09-01,1.1949,Historical
2020-09-02,1.184,Historical
2020-09-03,1.1832,Historical
2020-09-04,1.182,Historical
2020-09-08,1.1789,Historical
2020-09-09,1.181,Historical
2020-09-10,1.188,Historical
2020-09-11,1.1831,Historical
2020-09-14,1.1874,Historical
2020-09-15,1.1846,Historical
2020-09-16,1.1835,Historical
2020-09-17,1.1823,Historical
2020-09-18,1.1857,Historical
2020-09-21,1.1737,Historical
2020-09-22,1.1703,Historical
2020-09-23,1.1677,Historical
2020-09-24,1.1666,Historical
2020-09-25,1.1618,Historical
2020-09-28,1.166,Historical
2020-09-29,1.1717,Historical
2020-09-30,1.1723,Historical
2020-10-01,1.1752,Historical
2020-10-02,1.1706,Historical
2020-10-05,1.1784,Historical
2020-10-06,1.1778,Historical
2020-10-07,1.1766,Historical
2020-10-08,1.1753,Historical
2020-10-09,1.1819,Historical
2020-10-13,1.1737,Historical
2020-10-14,1.1755,Historical
2020-10-15,1.1701,Historical
2020-10-16,1.1717,Historical
2020-10-19,1.1788,Historical
2020-10-20,1.1824,Historical
2020-10-21,1.187,Historical
2020-10-22,1.1824,Historical
2020-10-23,1.1844,Historical
2020-10-26,1.1816,Historical
2020-10-27,1.1834,Historical
2020-10-28,1.1751,Historical
2020-10-29,1.1658,Historical
2020-10-30,1.1647,Historical
2020-11-02,1.1634,Historical
2020-11-03,1.1724,Historical
2020-11-04,1.173,Historical
2020-11-05,1.1809,Historical
2020-11-06,1.1886,Historical
2020-11-09,1.1811,Historical
2020-11-10,1.181,Historical
2020-11-12,1.1814,Historical
2020-11-13,1.1824,Historical
2020-11-16,1.1844,Historical
2020-11-17,1.1862,Historical
2020-11-18,1.1869,Historical
2020-11-19,1.1843,Historical
2020-11-20,1.1857,Historical
2020-11-23,1.1826,Historical
2020-11-24,1.1874,Historical
2020-11-25,1.1908,Historical
2020-11-30,1.1948,Historical
2020-12-01,1.2039,Historical
2020-12-02,1.2093,Historical
2020-12-03,1.2152,Historical
2020-12-04,1.2142,Historical
2020-12-07,1.2138,Historical
2020-12-08,1.2111,Historical
2020-12-09,1.208,Historical
2020-12-10,1.2118,Historical
2020-12-11,1.2112,Historical
2020-12-14,1.2145,Historical
2020-12-15,1.2158,Historical
2020-12-16,1.2175,Historical
2020-12-17,1.2258,Historical
2020-12-18,1.2236,Historical
2020-12-21,1.223,Historical
2020-12-22,1.2172,Historical
2020-12-23,1.2194,Historical
2020-12-28,1.2213,Historical
2020-12-29,1.2252,Historical
2020-12-30,1.228,Historical
2020-12-31,1.223,Historical
2021-01-04,1.2254,Historical
2021-01-05,1.2295,Historical
2021-01-06,1.229,Historical
2021-01-07,1.2265,Historical
2021-01-08,1.2252,Historical
2021-01-11,1.2169,Historical
2021-01-12,1.2168,Historical
2021-01-13,1.2159,Historical
2021-01-14,1.2156,Historical
2021-01-15,1.2099,Historical
2021-01-19,1.2126,Historical
2021-01-21,1.2143,Historical
2021-01-22,1.2179,Historical
2021-01-25,1.2138,Historical
2021-01-26,1.2147,Historical
2021-01-27,1.2101,Historical
2021-01-28,1.2122,Historical
2021-01-29,1.2135,Historical
2021-02-01,1.207,Historical
2021-02-02,1.202,Historical
2021-02-03,1.2025,Historical
2021-02-04,1.1974,Historical
2021-02-05,1.2035,Historical
2021-02-08,1.2045,Historical
2021-02-09,1.2106,Historical
2021-02-10,1.2132,Historical
2021-02-11,1.2127,Historical
2021-02-12,1.2126,Historical
2021-02-16,1.2107,Historical
2021-02-17,1.2042,Historical
2021-02-18,1.2078,Historical
2021-02-19,1.2136,Historical
2021-02-22,1.2155,Historical
2021-02-23,1.2142,Historical
2021-02-24,1.2143,Historical
2021-02-25,1.2229,Historical
2021-02-26,1.2093,Historical
2021-03-01,1.2054,Historical
2021-03-02,1.2079,Historical
2021-03-03,1.2073,Historical
2021-03-04,1.2045,Historical
2021-03-05,1.1914,Historical
2021-03-08,1.1849,Historical
2021-03-09,1.1885,Historical
2021-03-10,1.19,Historical
2021-03-11,1.1978,Historical
2021-03-12,1.1952,Historical
2021-03-15,1.1917,Historical
2021-03-16,1.1895,Historical
2021-03-17,1.1905,Historical
2021-03-18,1.1926,Historical
2021-03-19,1.1909,Historical
2021-03-22,1.1932,Historical
2021-03-23,1.1872,Historical
2021-03-24,1.1831,Historical
2021-03-25,1.1777,Historical
2021-03-26,1.1798,Historical
2021-03-29,1.1779,Historical
2021-03-30,1.1724,Historical
2021-03-31,1.1743,Historical
2021-04-01,1.1772,Historical
2021-04-02,1.1763,Historical
2021-04-05,1.181,Historical
2021-04-06,1.1852,Historical
2021-04-07,1.189,Historical
2021-04-08,1.1904,Historical
2021-04-09,1.1897,Historical
2021-04-12,1.1907,Historical
2021-04-13,1.1939,Historical
2021-04-14,1.1974,Historical
2021-04-15,1.1964,Historical
2021-04-16,1.198,Historical
2021-04-19,1.2028,Historical
2021-04-20,1.2045,Historical
2021-04-21,1.2033,Historical
2021-04-22,1.2012,Historical
2021-04-23,1.2069,Historical
2021-04-26,1.2083,Historical
2021-04-27,1.2079,Historical
2021-04-28,1.2098,Historical
2021-04-29,1.211,Historical
2021-04-30,1.203,Historical
2021-05-03,1.2059,Historical
2021-05-04,1.2014,Historical
2021-05-05,1.2003,Historical
2021-05-06,1.2049,Historical
2021-05-07,1.2165,Historical
2021-05-10,1.217,Historical
2021-05-11,1.2169,Historical
2021-05-12,1.2074,Historical
2021-05-13,1.207,Historical
2021-05-14,1.2141,Historical
2021-05-17,1.2155,Historical
2021-05-18,1.2203,Historical
2021-05-19,1.2216,Historical
2021-05-20,1.2225,Historical
2021-05-21,1.2178,Historical
2021-05-24,1.221,Historical
2021-05-25,1.2233,Historical
2021-05-26,1.2204,Historical
2021-05-27,1.2194,Historical
2021-05-28,1.2194,Historical
2021-06-01,1.2241,Historical
2021-06-02,1.2213,Historical
2021-06-03,1.2122,Historical
2021-06-04,1.2173,Historical
2021-06-07,1.22,Historical
2021-06-08,1.218,Historical
2021-06-09,1.2184,Historical
2021-06-10,1.2173,Historical
2021-06-11,1.2101,Historical
2021-06-14,1.2126,Historical
2021-06-15,1.212,Historical
2021-06-16,1.2119,Historical
2021-06-17,1.1911,Historical
2021-06-18,1.1872,Historical
2021-06-21,1.1909,Historical
2021-06-22,1.191,Historical
2021-06-23,1.195,Historical
2021-06-24,1.1927,Historical
2021-06-25,1.194,Historical
2021-06-28,1.1938,Historical
2021-06-29,1.1905,Historical
2021-06-30,1.1848,Historical
2021-07-01,1.1857,Historical
2021-07-02,1.1848,Historical
2021-07-06,1.1816,Historical
2021-07-07,1.1803,Historical
2021-07-08,1.184,Historical
2021-07-09,1.1861,Historical
2021-07-12,1.1858,Historical
2021-07-13,1.1813,Historical
2021-07-14,1.1826,Historical
2021-07-15,1.1806,Historical
2021-07-16,1.181,Historical
2021-07-19,1.1804,Historical
2021-07-20,1.1776,Historical
2021-07-21,1.1799,Historical
2021-07-22,1.1771,Historical
2021-07-23,1.1761,Historical
2021-07-26,1.181,Historical
2021-07-27,1.1831,Historical
2021-07-28,1.1809,Historical
2021-07-29,1.1886,Historical
2021-07-30,1.1864,Historical
2021-08-02,1.1873,Historical
2021-08-03,1.1859,Historical
2021-08-04,1.1841,Historical
2021-08-05,1.1838,Historical
2021-08-06,1.1761,Historical
2021-08-09,1.1749,Historical
2021-08-10,1.1722,Historical
2021-08-11,1.1737,Historical
2021-08-12,1.1736,Historical
2021-08-13,1.1796,Historical
2021-08-16,1.1776,Historical
2021-08-17,1.1714,Historical
2021-08-18,1.1702,Historical
2021-08-19,1.1693,Historical
2021-08-20,1.169,Historical
2021-08-23,1.1732,Historical
2021-08-24,1.1746,Historical
2021-08-25,1.1758,Historical
2021-08-26,1.1761,Historical
2021-08-27,1.1794,Historical
2021-08-30,1.1795,Historical
2021-08-31,1.18,Historical
2021-09-01,1.185,Historical
2021-09-02,1.1858,Historical
2021-09-03,1.1884,Historical
2021-09-07,1.1849,Historical
2021-09-08,1.1818,Historical
2021-09-09,1.1827,Historical
2021-09-10,1.1821,Historical
2021-09-13,1.1809,Historical
2021-09-14,1.1824,Historical
2021-09-15,1.1811,Historical
2021-09-16,1.1764,Historical
2021-09-17,1.1734,Historical
2021-09-20,1.1729,Historical
2021-09-21,1.1724,Historical
2021-09-22,1.1739,Historical
2021-09-23,1.1735,Historical
2021-09-24,1.1715,Historical
2021-09-27,1.1702,Historical
2021-09-28,1.1681,Historical
2021-09-29,1.1612,Historical
2021-09-30,1.1577,Historical
2021-10-01,1.1598,Historical
2021-10-04,1.1622,Historical
2021-10-05,1.1609,Historical
2021-10-06,1.1546,Historical
2021-10-07,1.1561,Historical
2021-10-08,1.1572,Historical
2021-10-12,1.1541,Historical
2021-10-13,1.1568,Historical
2021-10-14,1.1591,Historical
2021-10-15,1.1594,Historical
2021-10-18,1.1609,Historical
2021-10-19,1.1632,Historical
2021-10-20,1.1643,Historical
2021-10-21,1.1643,Historical
2021-10-22,1.1632,Historical
2021-10-25,1.1609,Historical
2021-10-26,1.159,Historical
2021-10-27,1.16,Historical
2021-10-28,1.1685,Historical
2021-10-29,1.1552,Historical
2021-11-01,1.1591,Historical
2021-11-02,1.1581,Historical
2021-11-03,1.1584,Historical
2021-11-04,1.1546,Historical
2021-11-05,1.1554,Historical
2021-11-08,1.159,Historical
2021-11-09,1.1589,Historical
2021-11-10,1.1517,Historical
2021-11-12,1.1443,Historical
2021-11-15,1.1421,Historical
2021-11-16,1.1333,Historical
2021-11-17,1.1322,Historical
2021-11-18,1.1358,Historical
2021-11-19,1.1318,Historical
2021-11-22,1.126,Historical
2021-11-23,1.1265,Historical
2021-11-24,1.1196,Historical
2021-11-26,1.1302,Historical
2021-11-29,1.1261,Historical
2021-11-30,1.1287,Historical
2021-12-01,1.1323,Historical
2021-12-02,1.1306,Historical
2021-12-03,1.1308,Historical
2021-12-06,1.1282,Historical
2021-12-07,1.1247,Historical
2021-12-08,1.133,Historical
2021-12-09,1.1285,Historical
2021-12-10,1.1312,Historical
2021-12-13,1.1298,Historical
2021-12-14,1.1267,Historical
2021-12-15,1.1261,Historical
2021-12-16,1.1309,Historical
2021-12-17,1.1277,Historical
2021-12-20,1.1298,Historical
2021-12-21,1.1272,Historical
2021-12-22,1.1324,Historical
2021-12-23,1.132,Historical
2021-12-27,1.1329,Historical
2021-12-28,1.1314,Historical
2021-12-29,1.1337,Historical
2021-12-30,1.1318,Historical
2022-01-03,1.129,Historical
2022-01-04,1.1296,Historical
2022-01-05,1.1335,Historical
2022-01-06,1.1307,Historical
2022-01-07,1.1358,Historical
2022-01-10,1.1328,Historical
2022-01-11,1.1363,Historical
2022-01-12,1.1431,Historical
2022-01-13,1.1464,Historical
2022-01-14,1.1414,Historical
2022-01-18,1.1336,Historical
2022-01-19,1.1346,Historical
2022-01-20,1.1336,Historical
2022-01-21,1.1346,Historical
2022-01-24,1.131,Historical
2022-01-25,1.1283,Historical
2022-01-26,1.1279,Historical
2022-01-27,1.1141,Historical
2022-01-28,1.116,Historical
2022-01-31,1.1212,Historical
2022-02-01,1.1239,Historical
2022-02-02,1.1299,Historical
2022-02-03,1.1425,Historical
2022-02-04,1.1455,Historical
2022-02-07,1.1434,Historical
2022-02-08,1.1416,Historical
2022-02-09,1.1435,Historical
2022-02-10,1.1487,Historical
2022-02-11,1.1404,Historical
2022-02-14,1.1306,Historical
2022-02-15,1.1363,Historical
2022-02-16,1.1381,Historical
2022-02-17,1.1364,Historical
2022-02-18,1.1327,Historical
2022-02-22,1.1342,Historical
2022-02-23,1.1316,Historical
2022-02-24,1.1154,Historical
2022-02-25,1.1261,Historical
2022-02-28,1.1224,Historical
2022-03-01,1.1103,Historical
2022-03-02,1.1102,Historical
2022-03-03,1.1053,Historical
2022-03-04,1.0912,Historical
2022-03-07,1.086,Historical
2022-03-08,1.0881,Historical
2022-03-09,1.1069,Historical
2022-03-10,1.1007,Historical
2022-03-11,1.0937,Historical
2022-03-14,1.0979,Historical
2022-03-15,1.0974,Historical
2022-03-16,1.0996,Historical
2022-03-17,1.111,Historical
2022-03-18,1.1044,Historical
2022-03-21,1.1048,Historical
2022-03-22,1.1022,Historical
2022-03-23,1.1001,Historical
2022-03-24,1.1006,Historical
2022-03-25,1.0985,Historical
2022-03-28,1.0977,Historical
2022-03-29,1.1104,Historical
2022-03-30,1.1163,Historical
2022-03-31,1.1093,Historical
2022-04-01,1.1043,Historical
2022-04-04,1.0992,Historical
2022-04-05,1.0921,Historical
2022-04-06,1.0913,Historical
2022-04-07,1.09,Historical
2022-04-08,1.0874,Historical
2022-04-11,1.0875,Historical
2022-04-12,1.0852,Historical
2022-04-13,1.0874,Historical
2022-04-14,1.0796,Historical
2022-04-15,1.0812,Historical
2022-04-18,1.0785,Historical
2022-04-19,1.0789,Historical
2022-04-20,1.0857,Historical
2022-04-21,1.0839,Historical
2022-04-22,1.079,Historical
2022-04-25,1.0703,Historical
2022-04-26,1.0661,Historical
2022-04-27,1.0549,Historical
2022-04-28,1.05,Historical
2022-04-29,1.0537,Historical
2022-05-02,1.0521,Historical
2022-05-03,1.0532,Historical
2022-05-04,1.0539,Historical
2022-05-05,1.0507,Historical
2022-05-06,1.0572,Historical
2022-05-09,1.0559,Historical
2022-05-10,1.0531,Historical
2022-05-11,1.0537,Historical
2022-05-12,1.0376,Historical
2022-05-13,1.041,Historical
2022-05-16,1.042,Historical
2022-05-17,1.0532,Historical
2022-05-18,1.0494,Historical
2022-05-19,1.0587,Historical
2022-05-20,1.0559,Historical
2022-05-23,1.0668,Historical
2022-05-24,1.0744,Historical
2022-05-25,1.0658,Historical
2022-05-26,1.0725,Historical
2022-05-27,1.0709,Historical
2022-05-31,1.0731,Historical
2022-06-01,1.0646,Historical
2022-06-02,1.0733,Historical
2022-06-03,1.0721,Historical
2022-06-06,1.0699,Historical
2022-06-07,1.0697,Historical
2022-06-08,1.074,Historical
2022-06-09,1.0656,Historical
2022-06-10,1.0521,Historical
2022-06-13,1.0436,Historical
2022-06-14,1.0416,Historical
2022-06-15,1.0388,Historical
2022-06-16,1.0531,Historical
2022-06-17,1.0473,Historical
2022-06-21,1.0548,Historical
2022-06-22,1.0583,Historical
2022-06-23,1.0503,Historical
2022-06-24,1.0539,Historical
2022-06-27,1.0601,Historical
2022-06-28,1.0534,Historical
2022-06-29,1.0477,Historical
2022-06-30,1.0469,Historical
2022-07-01,1.0409,Historical
2022-07-05,1.0254,Historical
2022-07-06,1.0173,Historical
2022-07-07,1.0159,Historical
2022-07-08,1.0178,Historical
2022-07-11,1.0088,Historical
2022-07-12,1.0069,Historical
2022-07-13,1.0081,Historical
2022-07-14,1.0028,Historical
2022-07-15,1.0089,Historical
2022-07-18,1.016,Historical
2022-07-19,1.0238,Historical
2022-07-20,1.0217,Historical
2022-07-21,1.0197,Historical
2022-07-22,1.0225,Historical
2022-07-25,1.0211,Historical
2022-07-26,1.0116,Historical
2022-07-27,1.0108,Historical
2022-07-28,1.0163,Historical
2022-07-29,1.0202,Historical
2022-08-01,1.027,Historical
2022-08-02,1.0194,Historical
2022-08-03,1.0146,Historical
2022-08-04,1.0221,Historical
2022-08-05,1.017,Historical
2022-08-08,1.0207,Historical
2022-08-09,1.0226,Historical
2022-08-10,1.0337,Historical
2022-08-11,1.0338,Historical
2022-08-12,1.0257,Historical
2022-08-15,1.0186,Historical
2022-08-16,1.0174,Historical
2022-08-17,1.0164,Historical
2022-08-18,1.0114,Historical
2022-08-19,1.0039,Historical
2022-08-22,0.9936,Historical
2022-08-23,0.9976,Historical
2022-08-24,0.9967,Historical
2022-08-25,0.9959,Historical
2022-08-26,0.9998,Historical
2022-08-29,1.0,Historical
2022-08-30,1.0018,Historical
2022-08-31,1.0065,Historical
2022-09-01,0.995,Historical
2022-09-02,1.003,Historical
2022-09-06,0.9914,Historical
2022-09-07,0.9942,Historical
2022-09-08,0.9956,Historical
2022-09-09,1.0046,Historical
2022-09-12,1.0129,Historical
2022-09-13,0.9997,Historical
2022-09-14,0.9993,Historical
2022-09-15,0.9991,Historical
2022-09-16,1.0013,Historical
2022-09-19,1.0003,Historical
2022-09-20,0.9994,Historical
2022-09-21,0.988,Historical
2022-09-22,0.9841,Historical
2022-09-23,0.9719,Historical
2022-09-26,0.9623,Historical
2022-09-27,0.9616,Historical
2022-09-28,0.9681,Historical
2022-09-29,0.9774,Historical
2022-09-30,0.9783,Historical
2022-10-03,0.9809,Historical
2022-10-04,0.9977,Historical
2022-10-05,0.9866,Historical
2022-10-06,0.9806,Historical
2022-10-07,0.9785,Historical
2022-10-11,0.9757,Historical
2022-10-12,0.9692,Historical
2022-10-13,0.978,Historical
2022-10-14,0.9739,Historical
2022-10-17,0.9843,Historical
2022-10-18,0.9842,Historical
2022-10-19,0.978,Historical
2022-10-20,0.9823,Historical
2022-10-21,0.9855,Historical
2022-10-24,0.9874,Historical
2022-10-25,0.9959,Historical
2022-10-26,1.0068,Historical
2022-10-27,0.9985,Historical
2022-10-28,0.9934,Historical
2022-10-31,0.9885,Historical
2022-11-01,0.9871,Historical
2022-11-02,0.9875,Historical
2022-11-03,0.9759,Historical
2022-11-04,0.9895,Historical
2022-11-07,0.9997,Historical
2022-11-08,1.0089,Historical
2022-11-09,1.0037,Historical
2022-11-10,1.0176,Historical
2022-11-14,1.0337,Historical
2022-11-15,1.0372,Historical
2022-11-16,1.0395,Historical
2022-11-17,1.0341,Historical
2022-11-18,1.0349,Historical
2022-11-21,1.0238,Historical
2022-11-22,1.0276,Historical
2022-11-23,1.0364,Historical
2022-11-25,1.0402,Historical
2022-11-28,1.0386,Historical
2022-11-29,1.0356,Historical
2022-11-30,1.0323,Historical
2022-12-01,1.0498,Historical
2022-12-02,1.0521,Historical
2022-12-05,1.0494,Historical
2022-12-06,1.0497,Historical
2022-12-07,1.0505,Historical
2022-12-08,1.0552,Historical
2022-12-09,1.055,Historical
2022-12-12,1.0545,Historical
2022-12-13,1.063,Historical
2022-12-14,1.0655,Historical
2022-12-15,1.0638,Historical
2022-12-16,1.061,Historical
2022-12-19,1.0624,Historical
2022-12-20,1.0635,Historical
2022-12-21,1.0599,Historical
2022-12-22,1.0588,Historical
2022-12-23,1.0621,Historical
2022-12-27,1.0654,Historical
2022-12-28,1.0622,Historical
2022-12-29,1.0668,Historical
2022-12-30,1.0698,Historical
2022-12-31,1.0697957208085584,Forecasted
2023-01-01,1.0697914416342336,Forecasted
2023-01-02,1.0697871624770252,Forecasted
2023-01-03,1.080534380058253,Forecasted
2023-01-04,1.080530057929377,Forecasted
2023-01-05,1.0805257358177895,Forecasted
2023-01-06,1.0697700460193578,Forecasted
2023-01-07,1.0697657669477318,Forecasted
2023-01-08,1.069761487893222,Forecasted
2023-01-09,1.0697572088558287,Forecasted
2023-01-10,1.0697529298355513,Forecasted
2023-01-11,1.06974865083239,Forecasted
2023-01-12,1.0697443718463446,Forecasted
2023-01-13,1.069740092877415,Forecasted
2023-01-14,1.0804868375914722,Forecasted
2023-01-15,1.0697315349909038,Forecasted
2023-01-16,1.0697272560733215,Forecasted
2023-01-17,1.080473871827216,Forecasted
2023-01-18,1.0804695499403725,Forecasted
2023-01-19,1.0804652280708165,Forecasted
2023-01-20,1.0804609062185477,Forecasted
2023-01-21,1.091315353583811,Forecasted
2023-01-22,1.0804522625658728,Forecasted
2023-01-23,1.0804479407654661,Forecasted
2023-01-24,1.0804436189823465,Forecasted
2023-01-25,1.0804392972165142,Forecasted
2023-01-26,1.0804349754679687,Forecasted
2023-01-27,1.0804306537367105,Forecasted
2023-01-28,1.080426332022739,Forecasted
2023-01-29,1.0804220103260542,Forecasted
2023-01-30,1.0912760669382457,Forecasted
2023-01-31,1.102239164780452,Forecasted
2023-02-01,1.1022347558326107,Forecasted
2023-02-02,1.113307946054015,Forecasted
2023-02-03,1.1022259379898354,Forecasted
2023-02-04,1.091254241635161,Forecasted
2023-02-05,1.0912498766269243,Forecasted
2023-02-06,1.091245511636148,Forecasted
2023-02-07,1.0912411466628311,Forecasted
2023-02-08,1.1022038936915195,Forecasted
2023-02-09,1.1021994848847623,Forecasted
2023-02-10,1.1021950760956403,Forecasted
2023-02-11,1.1021906673241535,Forecasted
2023-02-12,1.1132634146268072,Forecasted
2023-02-13,1.102181849834085,Forecasted
2023-02-14,1.102177441115503,Forecasted
2023-02-15,1.102173032414556,Forecasted
2023-02-16,1.1021686237312436,Forecasted
2023-02-17,1.102164215065566,Forecasted
2023-02-18,1.102159806417523,Forecasted
2023-02-19,1.113232243687593,Forecasted
2023-02-20,1.113227790767524,Forecasted
2023-02-21,1.1132233378652667,Forecasted
2023-02-22,1.1244069207761296,Forecasted
2023-02-23,1.1244024231574417,Forecasted
2023-02-24,1.1243979255567442,Forecasted
2023-02-25,1.1243934279740373,Forecasted
2023-02-26,1.1243889304093204,Forecasted
2023-02-27,1.124384432862594,Forecasted
2023-02-28,1.1243799353338575,Forecasted
2023-03-01,1.1243754378231112,Forecasted
2023-03-02,1.124370940330355,Forecasted
2023-03-03,1.1243664428555886,Forecasted
2023-03-04,1.124361945398812,Forecasted
2023-03-05,1.1243574479600253,Forecasted
2023-03-06,1.1243529505392285,Forecasted
2023-03-07,1.124348453136421,Forecasted
2023-03-08,1.1243439557516033,Forecasted
2023-03-09,1.124339458384775,Forecasted
2023-03-10,1.124334961035936,Forecasted
2023-03-11,1.135630172723143,Forecasted
2023-03-12,1.135625630211537,Forecasted
2023-03-13,1.1356210877181012,Forecasted
2023-03-14,1.1243169718204737,Forecasted
2023-03-15,1.124312474561581,Forecasted
2023-03-16,1.1243079773206772,Forecasted
2023-03-17,1.1243034800977623,Forecasted
2023-03-18,1.1242989828928363,Forecasted
2023-03-19,1.113107568658232,Forecasted
2023-03-20,1.1242899885369506,Forecasted
2023-03-21,1.1242854913859908,Forecasted
2023-03-22,1.1242809942530196,Forecasted
2023-03-23,1.1242764971380368,Forecasted
2023-03-24,1.1242720000410424,Forecasted
2023-03-25,1.1242675029620364,Forecasted
2023-03-26,1.1242630059010188,Forecasted
2023-03-27,1.1242585088579893,Forecasted
2023-03-28,1.1242540118329478,Forecasted
2023-03-29,1.1242495148258946,Forecasted
2023-03-30,1.1242450178368293,Forecasted
2023-03-31,1.1355393259432447,Forecasted
2023-04-01,1.1355347837950254,Forecasted
2023-04-02,1.1355302416649744,Forecasted
2023-04-03,1.1242270300604464,Forecasted
2023-04-04,1.12422253316132,Forecasted
2023-04-05,1.124218036280181,Forecasted
2023-04-06,1.1242135394170296,Forecasted
2023-04-07,1.1242090425718658,Forecasted
2023-04-08,1.1242045457446892,Forecasted
2023-04-09,1.1354984472633314,Forecasted
2023-04-10,1.1354939052786264,Forecasted
2023-04-11,1.1354893633120893,Forecasted
2023-04-12,1.1354848213637199,Forecasted
2023-04-13,1.1354802794335184,Forecasted
2023-04-14,1.1354757375214843,Forecasted
2023-04-15,1.135471195627618,Forecasted
2023-04-16,1.1241685717748118,Forecasted
2023-04-17,1.124164075109518,Forecasted
2023-04-18,1.1129740037640468,Forecasted
2023-04-19,1.1129695518769356,Forecasted
2023-04-20,1.1129651000076317,Forecasted
2023-04-21,1.1129606481561354,Forecasted
2023-04-22,1.1241415920528472,Forecasted
2023-04-23,1.1241370954954721,Forecasted
2023-04-24,1.1241325989560833,Forecasted
2023-04-25,1.1241281024346805,Forecasted
2023-04-26,1.112938389165763,Forecasted
2023-04-27,1.1129339374211098,Forecasted
2023-04-28,1.1018556522861527,Forecasted
2023-04-29,1.1129250339852241,Forecasted
2023-04-30,1.1129205822939916,Forecasted
2023-05-01,1.112916130620566,Forecasted
2023-05-02,1.101838022736753,Forecasted
2023-05-03,1.112907227327134,Forecasted
2023-05-04,1.1129027757071281,Forecasted
2023-05-05,1.1018248007598122,Forecasted
2023-05-06,1.1018203934694237,Forecasted
2023-05-07,1.1018159861966643,Forecasted
2023-05-08,1.1018115789415341,Forecasted
2023-05-09,1.0908440071692187,Forecasted
2023-05-10,1.0908396438019168,Forecasted
2023-05-11,1.0908352804520682,Forecasted
2023-05-12,1.090830917119673,Forecasted
2023-05-13,1.0908265538047313,Forecasted
2023-05-14,1.0908221905072426,Forecasted
2023-05-15,1.0908178272272073,Forecasted
2023-05-16,1.0908134639646248,Forecasted
2023-05-17,1.0908091007194956,Forecasted
2023-05-18,1.1017675073598139,Forecasted
2023-05-19,1.1017631002985986,Forecasted
2023-05-20,1.1017586932550116,Forecasted
2023-05-21,1.1017542862290526,Forecasted
2023-05-22,1.1017498792207217,Forecasted
2023-05-23,1.1017454722300188,Forecasted
2023-05-24,1.1017410652569437,Forecasted
2023-05-25,1.1128092958001796,Forecasted
2023-05-26,1.112804844571899,Forecasted
2023-05-27,1.1239842232460333,Forecasted
2023-05-28,1.1239797273181322,Forecasted
2023-05-29,1.1239752314082148,Forecasted
2023-05-30,1.123970735516281,Forecasted
2023-05-31,1.1239662396423307,Forecasted
2023-06-01,1.1239617437863638,Forecasted
2023-06-02,1.1239572479483804,Forecasted
2023-06-03,1.1352486650819809,Forecasted
2023-06-04,1.1352441240964026,Forecasted
2023-06-05,1.135239583128988,Forecasted
2023-06-06,1.123939264776279,Forecasted
2023-06-07,1.1239347690282113,Forecasted
2023-06-08,1.1352259603357275,Forecasted
2023-06-09,1.135221419440968,Forecasted
2023-06-10,1.135216878564372,Forecasted
2023-06-11,1.1352123377059393,Forecasted
2023-06-12,1.1352077968656702,Forecasted
2023-06-13,1.1352032560435645,Forecasted
2023-06-14,1.135198715239622,Forecasted
2023-06-15,1.1238988036910509,Forecasted
2023-06-16,1.1238943081048274,Forecasted
2023-06-17,1.123889812536586,Forecasted
2023-06-18,1.123885316986327,Forecasted
2023-06-19,1.12388082145405,Forecasted
2023-06-20,1.1238763259397553,Forecasted
2023-06-21,1.1238718304434425,Forecasted
2023-06-22,1.1238673349651118,Forecasted
2023-06-23,1.1238628395047627,Forecasted
2023-06-24,1.1238583440623957,Forecasted
2023-06-25,1.1238538486380103,Forecasted
2023-06-26,1.1238493532316065,Forecasted
2023-06-27,1.1351396864411916,Forecasted
2023-06-28,1.1351351458915269,Forecasted
2023-06-29,1.1465388576062454,Forecasted
2023-06-30,1.1465342714599873,Forecasted
2023-07-01,1.1465296853320737,Forecasted
2023-07-02,1.1465250992225047,Forecasted
2023-07-03,1.1580432358536754,Forecasted
2023-07-04,1.1580386036899963,Forecasted
2023-07-05,1.1580339715448458,Forecasted
2023-07-06,1.158029339418224,Forecasted
2023-07-07,1.1696630491061921,Forecasted
2023-07-08,1.169658370463353,Forecasted
2023-07-09,1.1696536918392284,Forecasted
2023-07-10,1.1580108110970202,Forecasted
2023-07-11,1.1580061790630398,Forecasted
2023-07-12,1.1696396560791409,Forecasted
2023-07-13,1.1696349775298738,Forecasted
2023-07-14,1.1696302989993208,Forecasted
2023-07-15,1.1696256204874818,Forecasted
2023-07-16,1.1696209419943568,Forecasted
2023-07-17,1.1579783872482454,Forecasted
2023-07-18,1.1579737553439602,Forecasted
2023-07-19,1.1696069066272652,Forecasted
2023-07-20,1.1813569260245111,Forecasted
2023-07-21,1.181352200606258,Forecasted
2023-07-22,1.1813474752069064,Forecasted
2023-07-23,1.1813427498264564,Forecasted
2023-07-24,1.1813380244649077,Forecasted
2023-07-25,1.1813332991222605,Forecasted
2023-07-26,1.1813285737985146,Forecasted
2023-07-27,1.1813238484936701,Forecasted
2023-07-28,1.1813191232077267,Forecasted
2023-07-29,1.1813143979406844,Forecasted
2023-07-30,1.1813096726925432,Forecasted
2023-07-31,1.1695507668431127,Forecasted
2023-08-01,1.1695460886494018,Forecasted
2023-08-02,1.1812954970615248,Forecasted
2023-08-03,1.181290771888987,Forecasted
2023-08-04,1.1812860467353496,Forecasted
2023-08-05,1.181281321600613,Forecasted
2023-08-06,1.181276596484777,Forecasted
2023-08-07,1.1812718713878412,Forecasted
2023-08-08,1.1812671463098057,Forecasted
2023-08-09,1.1812624212506706,Forecasted
2023-08-10,1.1812576962104357,Forecasted
2023-08-11,1.1812529711891009,Forecasted
2023-08-12,1.1812482461866662,Forecasted
2023-08-13,1.1812435212031314,Forecasted
2023-08-14,1.193110443506995,Forecasted
2023-08-15,1.1812340712927616,Forecasted
2023-08-16,1.1812293463659262,Forecasted
2023-08-17,1.1694712400949074,Forecasted
2023-08-18,1.1694665622193028,Forecasted
2023-08-19,1.1694618843624096,Forecasted
2023-08-20,1.1812104468475808,Forecasted
2023-08-21,1.1812057220152432,Forecasted
2023-08-22,1.1930722645836689,Forecasted
2023-08-23,1.193067492304155,Forecasted
2023-08-24,1.1930627200437303,Forecasted
2023-08-25,1.1930579478023946,Forecasted
2023-08-26,1.1811820981370424,Forecasted
2023-08-27,1.1811773734180993,Forecasted
2023-08-28,1.1694197844923748,Forecasted
2023-08-29,1.1694151068225922,Forecasted
2023-08-30,1.1694104291715204,Forecasted
2023-08-31,1.169405751539159,Forecasted
2023-09-01,1.1694010739255079,Forecasted
2023-09-02,1.1811490255013137,Forecasted
2023-09-03,1.1811443009146607,Forecasted
2023-09-04,1.1811395763469064,Forecasted
2023-09-05,1.18113485179805,Forecasted
2023-09-06,1.1930006823952808,Forecasted
2023-09-07,1.1929959104020953,Forecasted
2023-09-08,1.1929911384279976,Forecasted
2023-09-09,1.1929863664729878,Forecasted
2023-09-10,1.1811112293372394,Forecasted
2023-09-11,1.181106504901771,Forecasted
2023-09-12,1.1811017804852002,Forecasted
2023-09-13,1.1810970560875271,Forecasted
2023-09-14,1.1810923317087514,Forecasted
2023-09-15,1.1810876073488734,Forecasted
2023-09-16,1.1810828830078928,Forecasted
2023-09-17,1.1810781586858092,Forecasted
2023-09-18,1.1810734343826232,Forecasted
2023-09-19,1.1810687100983341,Forecasted
2023-09-20,1.1693122028210343,Forecasted
2023-09-21,1.1693075255815775,Forecasted
2023-09-22,1.1693028483608296,Forecasted
2023-09-23,1.1692981711587906,Forecasted
2023-09-24,1.1692934939754605,Forecasted
2023-09-25,1.1692888168108388,Forecasted
2023-09-26,1.1692841396649258,Forecasted
2023-09-27,1.1692794625377214,Forecasted
2023-09-28,1.1692747854292256,Forecasted
2023-09-29,1.169270108339438,Forecasted
2023-09-30,1.1810167442183477,Forecasted
2023-10-01,1.181012020160819,Forecasted
2023-10-02,1.1810072961221862,Forecasted
2023-10-03,1.1810025721024497,Forecasted
2023-10-04,1.1809978481016095,Forecasted
2023-10-05,1.180993124119665,Forecasted
2023-10-06,1.1809884001566164,Forecasted
2023-10-07,1.169232692294631,Forecasted
2023-10-08,1.1692280153732157,Forecasted
2023-10-09,1.169223338470508,Forecasted
2023-10-10,1.169218661586508,Forecasted
2023-10-11,1.1692139847212153,Forecasted
2023-10-12,1.1809600567751346,Forecasted
2023-10-13,1.1809553329443552,Forecasted
2023-10-14,1.1928193600724024,Forecasted
2023-10-15,1.1928145888045047,Forecasted
2023-10-16,1.2047977555217626,Forecasted
2023-10-17,1.2047929363403789,Forecasted
2023-10-18,1.204788117178272,Forecasted
2023-10-19,1.2047832980354416,Forecasted
2023-10-20,1.2047784789118876,Forecasted
2023-10-21,1.2047736598076102,Forecasted
2023-10-22,1.2047688407226091,Forecasted
2023-10-23,1.2047640216568845,Forecasted
2023-10-24,1.204759202610436,Forecasted
2023-10-25,1.2047543835832635,Forecasted
2023-10-26,1.2047495645753672,Forecasted
2023-10-27,1.2047447455867468,Forecasted
2023-10-28,1.2047399266174024,Forecasted
2023-10-29,1.19274779305783,Forecasted
2023-10-30,1.1927430220761999,Forecasted
2023-10-31,1.1927382511136533,Forecasted
2023-11-01,1.1927334801701908,Forecasted
2023-11-02,1.180860860296676,Forecasted
2023-11-03,1.1927239383405168,Forecasted
2023-11-04,1.1927191674543052,Forecasted
2023-11-05,1.1927143965871772,Forecasted
2023-11-06,1.1927096257391325,Forecasted
2023-11-07,1.1927048549101713,Forecasted
2023-11-08,1.1927000841002933,Forecasted
2023-11-09,1.1808277966554808,Forecasted
2023-11-10,1.1808230733537408,Forecasted
2023-11-11,1.180818350070894,Forecasted
2023-11-12,1.1808136268069402,Forecasted
2023-11-13,1.1808089035618794,Forecasted
2023-11-14,1.1808041803357117,Forecasted
2023-11-15,1.1690503062211166,Forecasted
2023-11-16,1.1690456300292442,Forecasted
2023-11-17,1.1807900107705651,Forecasted
2023-11-18,1.1926523770510766,Forecasted
2023-11-19,1.1926476064511096,Forecasted
2023-11-20,1.1926428358702248,Forecasted
2023-11-21,1.1926380653084225,Forecasted
2023-11-22,1.1807663952065062,Forecasted
2023-11-23,1.169012897209865,Forecasted
2023-11-24,1.1690082211676283,Forecasted
2023-11-25,1.1807522260947785,Forecasted
2023-11-26,1.1926142127856425,Forecasted
2023-11-27,1.1926094423383322,Forecasted
2023-11-28,1.1926046719101038,Forecasted
2023-11-29,1.2045857297756037,Forecasted
2023-11-30,1.2045809114423214,Forecasted
2023-12-01,1.2045760931283123,Forecasted
2023-12-02,1.2045712748335764,Forecasted
2023-12-03,1.2045664565581136,Forecasted
2023-12-04,1.2045616383019238,Forecasted
2023-12-05,1.2045568200650072,Forecasted
2023-12-06,1.2045520018473632,Forecasted
2023-12-07,1.2045471836489923,Forecasted
2023-12-08,1.2166482175028255,Forecasted
2023-12-09,1.2166433509196888,Forecasted
2023-12-10,1.2045327291695156,Forecasted
2023-12-11,1.2045279110482352,Forecasted
2023-12-12,1.2045230929462272,Forecasted
2023-12-13,1.2045182748634915,Forecasted
2023-12-14,1.2166190182959973,Forecasted
2023-12-15,1.2288413273325085,Forecasted
2023-12-16,1.2411864232365086,Forecasted
2023-12-17,1.2536555395404492,Forecasted
2023-12-18,1.2536505249283203,Forecasted
2023-12-19,1.241171529088795,Forecasted
2023-12-20,1.241166564412608,Forecasted
2023-12-21,1.2411615997562797,Forecasted
2023-12-22,1.2411566351198098,Forecasted
2023-12-23,1.2536254521685501,Forecasted
2023-12-24,1.2536204376767703,Forecasted
2023-12-25,1.2662144676675495,Forecasted
2023-12-26,1.2662094028198085,Forecasted
2023-12-27,1.266204337992327,Forecasted
2023-12-28,1.2536003799102302,Forecasted
2023-12-29,1.2535953655187393,Forecasted
2023-12-30,1.2535903511473059,Forecasted
2023-12-31,1.25358533679593,Forecasted
2024-01-01,1.2535803224646116,Forecasted
2024-01-02,1.2535753081533503,Forecasted
2024-01-03,1.2535702938621462,Forecasted
2024-01-04,1.2535652795909995,Forecasted
2024-01-05,1.2535602653399096,Forecasted
2024-01-06,1.2661536908317572,Forecasted
2024-01-07,1.266148626227123,Forecasted
2024-01-08,1.2661435616427472,Forecasted
2024-01-09,1.2788634005259676,Forecasted
2024-01-10,1.2788582850825962,Forecasted
2024-01-11,1.2788531696596868,Forecasted
2024-01-12,1.2917006908777875,Forecasted
2024-01-13,1.2916955240853576,Forecasted
2024-01-14,1.304672061225605,Forecasted
2024-01-15,1.3046668425477976,Forecasted
2024-01-16,1.3046616238908648,Forecasted
2024-01-17,1.3046564052548064,Forecasted
2024-01-18,1.2916696904332132,Forecasted
2024-01-19,1.3046459680453133,Forecasted
2024-01-20,1.317752606988885,Forecasted
2024-01-21,1.317747335988999,Forecasted
2024-01-22,1.3309855929373862,Forecasted
2024-01-23,1.3309802690056622,Forecasted
2024-01-24,1.330974945095234,Forecasted
2024-01-25,1.3443460882831746,Forecasted
2024-01-26,1.3443407109095764,Forecasted
2024-01-27,1.3443353335574875,Forecasted
2024-01-28,1.3443299562269078,Forecasted
2024-01-29,1.3309483258625254,Forecasted
2024-01-30,1.3309430020798696,Forecasted
2024-01-31,1.3309376783185087,Forecasted
2024-02-01,1.3309323545784428,Forecasted
2024-02-02,1.3309270308596721,Forecasted
2024-02-03,1.317678814909091,Forecasted
2024-02-04,1.3309163834860147,Forecasted
2024-02-05,1.330911059831128,Forecasted
2024-02-06,1.3442815612195989,Forecasted
2024-02-07,1.3442761841041082,Forecasted
2024-02-08,1.3442708070101261,Forecasted
2024-02-09,1.3442654299376522,Forecasted
2024-02-10,1.3577700910227704,Forecasted
2024-02-11,1.3577646599532684,Forecasted
2024-02-12,1.3577592289054907,Forecasted
2024-02-13,1.3577537978794372,Forecasted
2024-02-14,1.3577483668751076,Forecasted
2024-02-15,1.3577429358925022,Forecasted
2024-02-16,1.3713829937126247,Forecasted
2024-02-17,1.3713775081916209,Forecasted
2024-02-18,1.3713720226925592,Forecasted
2024-02-19,1.3851490000480915,Forecasted
2024-02-20,1.39906438266632,Forecasted
2024-02-21,1.3990587864199817,Forecasted
2024-02-22,1.3851323783598213,Forecasted
2024-02-23,1.3851268378413888,Forecasted
2024-02-24,1.3851212973451186,Forecasted
2024-02-25,1.3713336248134966,Forecasted
2024-02-26,1.3851102164190634,Forecasted
2024-02-27,1.3851046759892787,Forecasted
2024-02-28,1.3850991355816555,Forecasted
2024-02-29,1.385093595196194,Forecasted
2024-03-01,1.3990084212102498,Forecasted
2024-03-02,1.399002825187757,Forecasted
2024-03-03,1.3989972291876485,Forecasted
2024-03-04,1.3989916332099235,Forecasted
2024-03-05,1.385065893601307,Forecasted
2024-03-06,1.385060353348813,Forecasted
2024-03-07,1.3712732874614362,Forecasted
2024-03-08,1.3712678023792566,Forecasted
2024-03-09,1.3712623173190173,Forecasted
2024-03-10,1.371256832280718,Forecasted
2024-03-11,1.3712513472643588,Forecasted
2024-03-12,1.3850271122992268,Forecasted
2024-03-13,1.3850215722018577,Forecasted
2024-03-14,1.3850160321266491,Forecasted
2024-03-15,1.3850104920736008,Forecasted
2024-03-16,1.3850049520427126,Forecasted
2024-03-17,1.3849994120339846,Forecasted
2024-03-18,1.3849938720474164,Forecasted
2024-03-19,1.384988332083008,Forecasted
2024-03-20,1.3849827921407596,Forecasted
2024-03-21,1.384977252220671,Forecasted
2024-03-22,1.3849717123227419,Forecasted
2024-03-23,1.3849661724469722,Forecasted
2024-03-24,1.3988797183559205,Forecasted
2024-03-25,1.3849550927619114,Forecasted
2024-03-26,1.3849495529526201,Forecasted
2024-03-27,1.371163589986397,Forecasted
2024-03-28,1.3711581053430062,Forecasted
2024-03-29,1.371152620721554,Forecasted
2024-03-30,1.357503994163274,Forecasted
2024-03-31,1.3574985641581574,Forecasted
2024-04-01,1.371136166988828,Forecasted
2024-04-02,1.371130682455129,Forecasted
2024-04-03,1.3711251979433683,Forecasted
2024-04-04,1.3711197134535456,Forecasted
2024-04-05,1.384894156078447,Forecasted
2024-04-06,1.3848886165129017,Forecasted
2024-04-07,1.3848830769695146,Forecasted
2024-04-08,1.3848775374482858,Forecasted
2024-04-09,1.384871997949215,Forecasted
2024-04-10,1.371086806975302,Forecasted
2024-04-11,1.3574388355353737,Forecasted
2024-04-12,1.357433405790891,Forecasted
2024-04-13,1.3574279760681274,Forecasted
2024-04-14,1.3574225463670826,Forecasted
2024-04-15,1.3574171166877564,Forecasted
2024-04-16,1.357411687030149,Forecasted
2024-04-17,1.3574062573942602,Forecasted
2024-04-18,1.3710429328994678,Forecasted
2024-04-19,1.3710374487387045,Forecasted
2024-04-20,1.3573899686169042,Forecasted
2024-04-21,1.357384539067889,Forecasted
2024-04-22,1.3573791095405916,Forecasted
2024-04-23,1.3710155123150165,Forecasted
2024-04-24,1.384788908122058,Forecasted
2024-04-25,1.3847833689775038,Forecasted
2024-04-26,1.3847778298551061,Forecasted
2024-04-27,1.3709935762423084,Forecasted
2024-04-28,1.3709880922789714,Forecasted
2024-04-29,1.3573411034576122,Forecasted
2024-04-30,1.357335674104057,Forecasted
2024-05-01,1.3573302447722193,Forecasted
2024-05-02,1.357324815462099,Forecasted
2024-05-03,1.3573193861736956,Forecasted
2024-05-04,1.3709551889595981,Forecasted
2024-05-05,1.37094970514981,Forecasted
2024-05-06,1.370944221361957,Forecasted
2024-05-07,1.3709387375960391,Forecasted
2024-05-08,1.3709332538520562,Forecasted
2024-05-09,1.3572868108993323,Forecasted
2024-05-10,1.357281381762947,Forecasted
2024-05-11,1.3437708312711716,Forecasted
2024-05-12,1.3437654561985966,Forecasted
2024-05-13,1.3437600811475219,Forecasted
2024-05-14,1.3437547061179473,Forecasted
2024-05-15,1.343749331109873,Forecasted
2024-05-16,1.3437439561232984,Forecasted
2024-05-17,1.3303681588780425,Forecasted
2024-05-18,1.3303628374160499,Forecasted
2024-05-19,1.3171202375183446,Forecasted
2024-05-20,1.3171149690479316,Forecasted
2024-05-21,1.3040042401070526,Forecasted
2024-05-22,1.2910240170198015,Forecasted
2024-05-23,1.2910188529340616,Forecasted
2024-05-24,1.291013688868978,Forecasted
2024-05-25,1.2910085248245506,Forecasted
2024-05-26,1.2910033608007794,Forecasted
2024-05-27,1.2909981967976643,Forecasted
2024-05-28,1.290993032815205,Forecasted
2024-05-29,1.3039625126390124,Forecasted
2024-05-30,1.2909827049122542,Forecasted
2024-05-31,1.2909775409917623,Forecasted
2024-06-01,1.2781269873146297,Forecasted
2024-06-02,1.2781218748169054,Forecasted
2024-06-03,1.2781167623396312,Forecasted
2024-06-04,1.2909568855163507,Forecasted
2024-06-05,1.2909517216991362,Forecasted
2024-06-06,1.290946557902577,Forecasted
2024-06-07,1.290941394126673,Forecasted
2024-06-08,1.3039103551816629,Forecasted
2024-06-09,1.3039051395506736,Forecasted
2024-06-10,1.3038999239405464,Forecasted
2024-06-11,1.303894708351282,Forecasted
2024-06-12,1.3169938000446386,Forecasted
2024-06-13,1.3169885320799746,Forecasted
2024-06-14,1.3169832641363821,Forecasted
2024-06-15,1.3169779962138612,Forecasted
2024-06-16,1.3169727283124122,Forecasted
2024-06-17,1.3169674604320347,Forecasted
2024-06-18,1.3169621925727288,Forecasted
2024-06-19,1.3169569247344943,Forecasted
2024-06-20,1.316951656917331,Forecasted
2024-06-21,1.316946389121239,Forecasted
2024-06-22,1.3169411213462179,Forecasted
2024-06-23,1.3169358535922682,Forecasted
2024-06-24,1.3169305858593892,Forecasted
2024-06-25,1.316925318147581,Forecasted
2024-06-26,1.316920050456844,Forecasted
2024-06-27,1.3169147827871774,Forecasted
2024-06-28,1.3169095151385817,Forecasted
2024-06-29,1.3169042475110564,Forecasted
2024-06-30,1.3168989799046016,Forecasted
2024-07-01,1.316893712319217,Forecasted
2024-07-02,1.316888444754903,Forecasted
2024-07-03,1.316883177211659,Forecasted
2024-07-04,1.3168779096894851,Forecasted
2024-07-05,1.3168726421883814,Forecasted
2024-07-06,1.303764325399703,Forecasted
2024-07-07,1.3037591103528314,Forecasted
2024-07-08,1.3037538953268202,Forecasted
2024-07-09,1.303748680321669,Forecasted
2024-07-10,1.3168463049989105,Forecasted
2024-07-11,1.3168410376242252,Forecasted
2024-07-12,1.3037330354313745,Forecasted
2024-07-13,1.3037278205096627,Forecasted
2024-07-14,1.3037226056088105,Forecasted
2024-07-15,1.3037173907288178,Forecasted
2024-07-16,1.2907400229765473,Forecasted
2024-07-17,1.2907348600267814,Forecasted
2024-07-18,1.2907296970976672,Forecasted
2024-07-19,1.2907245341892046,Forecasted
2024-07-20,1.2907193713013936,Forecasted
2024-07-21,1.2778713874780026,Forecasted
2024-07-22,1.2778662760026755,Forecasted
2024-07-23,1.2778611645477944,Forecasted
2024-07-24,1.290698719956664,Forecasted
2024-07-25,1.2778509416993695,Forecasted
2024-07-26,1.2778458303058255,Forecasted
2024-07-27,1.2906832316649544,Forecasted
2024-07-28,1.2906780689423532,Forecasted
2024-07-29,1.2906729062404028,Forecasted
2024-07-30,1.2906677435591032,Forecasted
2024-07-31,1.3036339554857674,Forecasted
2024-08-01,1.3036287409603744,Forecasted
2024-08-02,1.3036235264558396,Forecasted
2024-08-03,1.3036183119721627,Forecasted
2024-08-04,1.3036130975093438,Forecasted
2024-08-05,1.3036078830673827,Forecasted
2024-08-06,1.3036026686462794,Forecasted
2024-08-07,1.3166988264717023,Forecasted
2024-08-08,1.31669355968693,Forecasted
2024-08-09,1.3035870255081146,Forecasted
2024-08-10,1.3035818111704411,Forecasted
2024-08-11,1.303576596853625,Forecasted
2024-08-12,1.3035713825576662,Forecasted
2024-08-13,1.3035661682825648,Forecasted
2024-08-14,1.3035609540283202,Forecasted
2024-08-15,1.3035557397949324,Forecasted
2024-08-16,1.3035505255824016,Forecasted
2024-08-17,1.3166461595719885,Forecasted
2024-08-18,1.3166408929978832,Forecasted
2024-08-19,1.30353488306995,Forecasted
2024-08-20,1.303529668940846,Forecasted
2024-08-21,1.3035244548325984,Forecasted
2024-08-22,1.3035192407452072,Forecasted
2024-08-23,1.3035140266786724,Forecasted
2024-08-24,1.3035088126329937,Forecasted
2024-08-25,1.3035035986081713,Forecasted
2024-08-26,1.3034983846042048,Forecasted
2024-08-27,1.3034931706210944,Forecasted
2024-08-28,1.3034879566588398,Forecasted
2024-08-29,1.3165829620730811,Forecasted
2024-08-30,1.3165776957517654,Forecasted
2024-08-31,1.316572429451515,Forecasted
2024-09-01,1.329798883139741,Forecasted
2024-09-02,1.3297935639548466,Forecasted
2024-09-03,1.3297882447912293,Forecasted
2024-09-04,1.3297829256488882,Forecasted
2024-09-05,1.329777606527824,Forecasted
2024-09-06,1.329772287428036,Forecasted
2024-09-07,1.3165355659395819,Forecasted
2024-09-08,1.3165302998078505,Forecasted
2024-09-09,1.3297563302563302,Forecasted
2024-09-10,1.3297510112416473,Forecasted
2024-09-11,1.3297456922482402,Forecasted
2024-09-12,1.3165092354915686,Forecasted
2024-09-13,1.3034045360991002,Forecasted
2024-09-14,1.303399322491383,Forecasted
2024-09-15,1.3164934374755308,Forecasted
2024-09-16,1.316488171512313,Forecasted
2024-09-17,1.3164829055701588,Forecasted
2024-09-18,1.3164776396490683,Forecasted
2024-09-19,1.3297031410669107,Forecasted
2024-09-20,1.3296978222649842,Forecasted
2024-09-21,1.343056135314916,Forecasted
2024-09-22,1.343050763101119,Forecasted
2024-09-23,1.3430453909088111,Forecasted
2024-09-24,1.3430400187379918,Forecasted
2024-09-25,1.3296712285744765,Forecasted
2024-09-26,1.3296659099001997,Forecasted
2024-09-27,1.3296605912471975,Forecasted
2024-09-28,1.3296552726154698,Forecasted
2024-09-29,1.3296499540050164,Forecasted
2024-09-30,1.3296446354158376,Forecasted
2024-10-01,1.3430024141439338,Forecasted
2024-10-02,1.3429970421450212,Forecasted
2024-10-03,1.3429916701675968,Forecasted
2024-10-04,1.34298629821166,Forecasted
2024-10-05,1.3296180427890565,Forecasted
2024-10-06,1.3296127243275222,Forecasted
2024-10-07,1.342970182472776,Forecasted
2024-10-08,1.34296481060279,Forecasted
2024-10-09,1.3295967690705621,Forecasted
2024-10-10,1.3295914506941224,Forecasted
2024-10-11,1.3429486951217557,Forecasted
2024-10-12,1.3429433233377188,Forecasted
2024-10-13,1.35643470237217,Forecasted
2024-10-14,1.3700616175123435,Forecasted
2024-10-15,1.3700561372768338,Forecasted
2024-10-16,1.3700506570632451,Forecasted
2024-10-17,1.3700451768715773,Forecasted
2024-10-18,1.3700396967018302,Forecasted
2024-10-19,1.356402148329963,Forecasted
2024-10-20,1.356396722732221,Forecasted
2024-10-21,1.3428949782482955,Forecasted
2024-10-22,1.3428896066791256,Forecasted
2024-10-23,1.3563804460692082,Forecasted
2024-10-24,1.356375020558275,Forecasted
2024-10-25,1.3428734921005332,Forecasted
2024-10-26,1.3428681206173079,Forecasted
2024-10-27,1.356358744155687,Forecasted
2024-10-28,1.3699848962099792,Forecasted
2024-10-29,1.3699794162813543,Forecasted
2024-10-30,1.369973936374649,Forecasted
2024-10-31,1.3699684564898633,Forecasted
2024-11-01,1.369962976626997,Forecasted
2024-11-02,1.3563261919364553,Forecasted
2024-11-03,1.3563207666425383,Forecasted
2024-11-04,1.3563153413703222,Forecasted
2024-11-05,1.3563099161198073,Forecasted
2024-11-06,1.3563044908909934,Forecasted
2024-11-07,1.35629906568388,Forecasted
2024-11-08,1.342798293290562,Forecasted
2024-11-09,1.3294319092927147,Forecasted
2024-11-10,1.3161985759712578,Forecasted
2024-11-11,1.3161933111874835,Forecasted
2024-11-12,1.3161880464247682,Forecasted
2024-11-13,1.3294106385523323,Forecasted
2024-11-14,1.3294053209204135,Forecasted
2024-11-15,1.329400003309765,Forecasted
2024-11-16,1.3293946857203869,Forecasted
2024-11-17,1.3293893681522793,Forecasted
2024-11-18,1.3293840506054417,Forecasted
2024-11-19,1.3293787330798743,Forecasted
2024-11-20,1.329373415575577,Forecasted
2024-11-21,1.3293680980925497,Forecasted
2024-11-22,1.3293627806307924,Forecasted
2024-11-23,1.3293574631903047,Forecasted
2024-11-24,1.3293521457710868,Forecasted
2024-11-25,1.3161196064258096,Forecasted
2024-11-26,1.3161143419579129,Forecasted
2024-11-27,1.3030135733856096,Forecasted
2024-11-28,1.3030083613417403,Forecasted
2024-11-29,1.3030031493187189,Forecasted
2024-11-30,1.3029979373165457,Forecasted
2024-12-01,1.3160880199342948,Forecasted
2024-12-02,1.3160827555927437,Forecasted
2024-12-03,1.31607749127225,Forecasted
2024-12-04,1.3160722269728136,Forecasted
2024-12-05,1.3160669626944341,Forecasted
2024-12-06,1.3160616984371118,Forecasted
2024-12-07,1.3160564342008467,Forecasted
2024-12-08,1.3160511699856383,Forecasted
2024-12-09,1.3160459057914868,Forecasted
2024-12-10,1.3292670699562126,Forecasted
2024-12-11,1.3292617528985669,Forecasted
2024-12-12,1.3160301133353722,Forecasted
2024-12-13,1.316024849225447,Forecasted
2024-12-14,1.3160195851365784,Forecasted
2024-12-15,1.3160143210687658,Forecasted
2024-12-16,1.3160090570220098,Forecasted
2024-12-17,1.3160037929963098,Forecasted
2024-12-18,1.3159985289916658,Forecasted
2024-12-19,1.3028989132362723,Forecasted
2024-12-20,1.3028937016510425,Forecasted
2024-12-21,1.3159827371040693,Forecasted
2024-12-22,1.3292032666681457,Forecasted
2024-12-23,1.3291979498657127,Forecasted
2024-12-24,1.329192633084547,Forecasted
2024-12-25,1.329187316324648,Forecasted
2024-12-26,1.315956417712522,Forecasted
2024-12-27,1.315951153897379,Forecasted
2024-12-28,1.302852009719664,Forecasted
2024-12-29,1.2898832560793796,Forecasted
